Resource,Zone,StartCap,RetCap,NewCap,EndCap,StartEnergyCap,RetEnergyCap,NewEnergyCap,EndEnergyCap,StartChargeCap,RetChargeCap,NewChargeCap,EndChargeCap,MaxAnnualGeneration,AnnualGeneration,CapacityFactor,AnnualEmissions
MIDAT_conventional_hydroelectric_1,2,2806.182,0.0,0.0,2806.182,0.0,0.0,0.0,0.0,0.0,0.0,0.0,0.0,2.4582154319999997e7,3.7203789387984015e6,0.15134470682951934,0.0
MIDAT_hydroelectric_pumped_storage_1,2,5244.0,0.0,0.0,5244.0,0.0,0.0,0.0,0.0,0.0,0.0,0.0,0.0,4.593744e7,0.0,0.0,0.0
MIDAT_natural_gas_fired_combined_cycle_1,2,4026.4,0.004699184352947675,0.0,4026.3953008156473,0.0,0.0,0.0,0.0,0.0,0.0,0.0,0.0,3.527122283514507e7,7.772459970412913e6,0.22036264539907735,3.1879607520586625e6
MIDAT_natural_gas_fired_combined_cycle_2,2,31802.922,0.004742614318011647,0.0,31802.91725738568,0.0,0.0,0.0,0.0,0.0,0.0,0.0,0.0,2.785935551746986e8,1.0752212005127253e8,0.385946185954834,3.933508568177288e7
MIDAT_natural_gas_fired_combined_cycle_3,2,1697.696,1663.8720190458407,0.0,33.8239809541592,0.0,0.0,0.0,0.0,0.0,0.0,0.0,0.0,296298.0731584346,23394.121096796454,0.07895468521756907,15453.28034380762
MIDAT_natural_gas_fired_combined_cycle_4,2,20288.499,0.005250325610565079,0.0,20288.493749674388,0.0,0.0,0.0,0.0,0.0,0.0,0.0,0.0,1.7772720524714765e8,5.344664311330267e7,0.3007229143055488,2.0499837707204837e7
MIDAT_natural_gas_fired_combustion_turbine_1,2,14508.75,9759.026439512569,0.0,4749.723560487431,0.0,0.0,0.0,0.0,0.0,0.0,0.0,0.0,4.16075783898699e7,3.0460185579867656e6,0.0732082633948332,1.9452576325505446e6
MIDAT_natural_gas_fired_combustion_turbine_2,2,704.718,0.034748561258928126,0.0,704.6832514387411,0.0,0.0,0.0,0.0,0.0,0.0,0.0,0.0,6.173025282603372e6,665131.4479060211,0.1077480517989249,368645.14969743276
MIDAT_nuclear_1,2,2440.0,0.002419019291597709,0.0,2439.9975809807083,0.0,0.0,0.0,0.0,0.0,0.0,0.0,0.0,2.1374378809391007e7,1.7676719246461757e7,0.8270050514261189,0.0
MIDAT_nuclear_2,2,17770.208,0.0014756458046082468,0.0,17770.206524354195,0.0,0.0,0.0,0.0,0.0,0.0,0.0,0.0,1.5566700915334275e8,1.2881261353158005e8,0.8274882021063996,0.0
MIDAT_onshore_wind_turbine_1,2,3231.6,0.002081146605179276,0.0,3231.5979188533947,0.0,0.0,0.0,0.0,0.0,0.0,0.0,0.0,2.8308797769155737e7,1.0739397057892999e7,0.3793660594655936,0.0
MIDAT_small_hydroelectric_1,2,263.268,0.0,0.0,263.268,0.0,0.0,0.0,0.0,0.0,0.0,0.0,0.0,2.3062276799999997e6,380153.9509578755,0.16483799680952385,0.0
MIDAT_solar_photovoltaic_1,2,2974.6,0.006512443402545364,0.0,2974.593487556597,0.0,0.0,0.0,0.0,0.0,0.0,0.0,0.0,2.605743895099579e7,6.592085234013244e6,0.2529828524748909,0.0
NE_conventional_hydroelectric_1,3,4729.48,0.0,0.0,4729.48,0.0,0.0,0.0,0.0,0.0,0.0,0.0,0.0,4.14302448e7,1.91558843975801e7,0.4623647407842519,0.0
NE_hydroelectric_pumped_storage_1,3,3206.9,0.0,0.0,3206.9,0.0,0.0,0.0,0.0,0.0,0.0,0.0,0.0,2.8092444e7,0.0,0.0,0.0
NE_natural_gas_fired_combined_cycle_1,3,6119.616,0.019908946890062205,0.0,6119.59609105311,0.0,0.0,0.0,0.0,0.0,0.0,0.0,0.0,5.3607661757625245e7,8.212080503081016e6,0.15318855987806473,3.8023873846202353e6
NE_natural_gas_fired_combined_cycle_2,3,21225.12,0.010179949589641914,0.0,21225.10982005041,0.0,0.0,0.0,0.0,0.0,0.0,0.0,0.0,1.859319620236416e8,5.247653917032659e7,0.28223517139917076,2.1500845842732765e7
NE_natural_gas_fired_combined_cycle_3,3,19.5,15.112289903186278,0.0,4.387710096813722,0.0,0.0,0.0,0.0,0.0,0.0,0.0,0.0,38436.3404480882,618.2704986966467,0.016085571401670707,661.6899097823302
NE_natural_gas_fired_combustion_turbine_1,3,1413.201,1403.414052995485,0.0,9.786947004515014,0.0,0.0,0.0,0.0,0.0,0.0,0.0,0.0,85733.65575955152,8043.978574290803,0.09382521371596393,4972.191693974396
NE_natural_gas_fired_combustion_turbine_2,3,2341.199,0.03245620834569306,0.0,2341.1665437916545,0.0,0.0,0.0,0.0,0.0,0.0,0.0,0.0,2.0508618923614893e7,1.7122532239777755e6,0.08348944560114582,939332.6007147618
NE_nuclear_1,3,3395.7,0.0013301295618478224,0.0,3395.698669870438,0.0,0.0,0.0,0.0,0.0,0.0,0.0,0.0,2.9746320348065037e7,2.514198791086303e7,0.8452133782153155,0.0
NE_nuclear_2,3,2104.7,0.002140889772679745,0.0,2104.697859110227,0.0,0.0,0.0,0.0,0.0,0.0,0.0,0.0,1.8437153245805588e7,1.5583053485478664e7,0.8451984575777052,0.0
NE_onshore_wind_turbine_1,3,3654.5,0.0026261749267375363,0.0,3654.4973738250733,0.0,0.0,0.0,0.0,0.0,0.0,0.0,0.0,3.201339699470764e7,1.0119737376000492e7,0.31610945185459255,0.0
NE_small_hydroelectric_1,3,834.494,0.0,0.0,834.494,0.0,0.0,0.0,0.0,0.0,0.0,0.0,0.0,7.31016744e6,3.457791890298156e6,0.4730113118035715,0.0
NE_solar_photovoltaic_1,3,1629.6,0.008628930587726092,0.0,1629.5913710694122,0.0,0.0,0.0,0.0,0.0,0.0,0.0,0.0,1.4275220410568051e7,2.7736556757252025e6,0.1942986234854801,0.0
SE_conventional_hydroelectric_1,1,11123.215,0.0,0.0,11123.215,0.0,0.0,0.0,0.0,0.0,0.0,0.0,0.0,9.74393634e7,1.3792290777433299e7,0.14154742289124292,0.0
SE_hydroelectric_pumped_storage_1,1,6261.984,0.0,0.0,6261.984,0.0,0.0,0.0,0.0,0.0,0.0,0.0,0.0,5.485497984e7,0.0,0.0,0.0
SE_natural_gas_fired_combined_cycle_1,1,26218.712,0.013967787913537982,0.0,26218.698032212087,0.0,0.0,0.0,0.0,0.0,0.0,0.0,0.0,2.2967579476217788e8,7.47520057785669e7,0.3254674958498359,2.920952150912918e7
SE_natural_gas_fired_combined_cycle_2,1,4637.5,0.026487545068737146,0.0,4637.473512454932,0.0,0.0,0.0,0.0,0.0,0.0,0.0,0.0,4.06242679691052e7,9.485850215838237e6,0.23350205899223184,3.977667410427165e6
SE_natural_gas_fired_combined_cycle_3,1,42679.32,0.00879268908808292,0.0,42679.311207310915,0.0,0.0,0.0,0.0,0.0,0.0,0.0,0.0,3.738707661760436e8,1.1714715277630197e8,0.3133359528868357,4.411483773697702e7
SE_natural_gas_fired_combined_cycle_4,1,6088.5,6081.7861468126075,0.0,6.713853187392488,0.0,0.0,0.0,0.0,0.0,0.0,0.0,0.0,58813.35392155819,4210.0222146620745,0.07158276027374932,2334.4257870473357
SE_natural_gas_fired_combustion_turbine_1,1,24934.14,24925.406384773767,0.0,8.73361522623236,0.0,0.0,0.0,0.0,0.0,0.0,0.0,0.0,76506.46938179547,2548.073997399268,0.0333053402932952,1572.1900190250406
SE_natural_gas_fired_combustion_turbine_2,1,683.209,678.7380618455322,0.0,4.470938154467717,0.0,0.0,0.0,0.0,0.0,0.0,0.0,0.0,39165.4182331372,2620.526485050236,0.06690919191648137,1494.5431999517011
SE_nuclear_1,1,33632.288,0.0021850411945820484,0.0,33632.28581495881,0.0,0.0,0.0,0.0,0.0,0.0,0.0,0.0,2.946188237390391e8,2.4271693269404852e8,0.8238337578492164,0.0
SE_nuclear_2,1,2228.0,0.001839099494897279,0.0,2227.998160900505,0.0,0.0,0.0,0.0,0.0,0.0,0.0,0.0,1.951726388948842e7,1.6205207905178577e7,0.8303012141935712,0.0
SE_small_hydroelectric_1,1,249.895,0.0,0.0,249.895,0.0,0.0,0.0,0.0,0.0,0.0,0.0,0.0,2.1890802e6,337833.733870007,0.15432679619047623,0.0
SE_solar_photovoltaic_1,1,8502.2,0.009893894375083995,0.0,8502.190106105625,0.0,0.0,0.0,0.0,0.0,0.0,0.0,0.0,7.447918532948528e7,1.717270642828749e7,0.23057054601655336,0.0
SE_naturalgas_ccccsavgcf_conservative_0,1,0.0,0.0,1.2591543553764089,1.2591543553764089,0.0,0.0,0.0,0.0,0.0,0.0,0.0,0.0,11030.192153097341,4795.3646851889425,0.4347489707006035,182.54865069668344
SE_naturalgas_ccavgcf_moderate_0,1,0.0,0.0,5.84398567768713,5.84398567768713,0.0,0.0,0.0,0.0,0.0,0.0,0.0,0.0,51193.31453653926,19207.15846877569,0.3751888042933139,6497.071525216621
SE_naturalgas_ctavgcf_moderate_0,1,0.0,0.0,1.3610052896016345,1.3610052896016345,0.0,0.0,0.0,0.0,0.0,0.0,0.0,0.0,11922.406336910319,2896.4872439185237,0.24294485207666106,1497.49639379506
SE_battery_moderate_0,1,0.0,0.0,805139.5861437095,805139.5861437095,0.0,0.0,6.276629255485053e6,6.276629255485053e6,0.0,0.0,0.0,0.0,7.053022774618896e9,2.1328749527064106e9,0.3024057940634764,0.0
SE_nuclear_mid_0,1,0.0,0.0,2.2695506979968187,2.2695506979968187,0.0,0.0,0.0,0.0,0.0,0.0,0.0,0.0,19881.264114452133,14589.19140647383,0.7338160854605127,0.0
MIDAT_naturalgas_ccccsavgcf_conservative_0,2,0.0,0.0,1.0117447516927063,1.0117447516927063,0.0,0.0,0.0,0.0,0.0,0.0,0.0,0.0,8862.884024828107,3286.8359802614914,0.3708539986593403,125.19252546746007
MIDAT_naturalgas_ccavgcf_moderate_0,2,0.0,0.0,45632.622636162545,45632.622636162545,0.0,0.0,0.0,0.0,0.0,0.0,0.0,0.0,3.997417742927839e8,1.9378942726306987e8,0.4847865290184362,6.549855809589502e7
MIDAT_naturalgas_ctavgcf_moderate_0,2,0.0,0.0,1.6933798969797167,1.6933798969797167,0.0,0.0,0.0,0.0,0.0,0.0,0.0,0.0,14834.007897542318,3782.930389283987,0.2550174177749183,1954.7031617481694
MIDAT_battery_moderate_0,2,0.0,0.0,677832.6958638888,677832.6958638888,0.0,0.0,5.98553649901757e6,5.98553649901757e6,0.0,0.0,0.0,0.0,5.937814415767666e9,1.861979583933056e9,0.3135799561179669,0.0
MIDAT_nuclear_mid_0,2,0.0,0.0,3.3415130125392842,3.3415130125392842,0.0,0.0,0.0,0.0,0.0,0.0,0.0,0.0,29271.65398984413,22053.19776076508,0.7533977331249027,0.0
NE_naturalgas_ccccsavgcf_conservative_0,3,0.0,0.0,0.7994089024973139,0.7994089024973139,0.0,0.0,0.0,0.0,0.0,0.0,0.0,0.0,7002.82198587647,2343.4277779546737,0.33464048960276,89.32361923255243
NE_naturalgas_ccavgcf_moderate_0,3,0.0,0.0,5.630215673216149,5.630215673216149,0.0,0.0,0.0,0.0,0.0,0.0,0.0,0.0,49320.689297373465,22732.772823506504,0.4609175813914896,7687.334600740936
NE_naturalgas_ctavgcf_moderate_0,3,0.0,0.0,1.3232467636127228,1.3232467636127228,0.0,0.0,0.0,0.0,0.0,0.0,0.0,0.0,11591.641649247451,2937.72606005723,0.253434858404888,1518.658234148138
NE_battery_moderate_0,3,0.0,0.0,282748.5703743838,282748.5703743838,0.0,0.0,1.9912314246614904e6,1.9912314246614904e6,0.0,0.0,0.0,0.0,2.4768774764796023e9,6.678160937532965e8,0.26962015686882773,0.0
NE_nuclear_mid_0,3,0.0,0.0,3.719020000615559,3.719020000615559,0.0,0.0,0.0,0.0,0.0,0.0,0.0,0.0,32578.6152053923,26376.124840103977,0.8096146712748642,0.0
NE_offshorewind_class10_moderate_floating_1_1,3,0.0,0.0,32928.471088124556,32928.471088124556,0.0,0.0,0.0,0.0,0.0,0.0,0.0,0.0,2.884534067319711e8,1.4273625321884128e8,0.49483296049774456,0.0
SE_utilitypv_class1_moderate_70_0_2_1,1,0.0,0.0,8.162164694761586,8.162164694761586,0.0,0.0,0.0,0.0,0.0,0.0,0.0,0.0,71500.56272611149,14702.857911158995,0.20563275798932446,0.0
SE_utilitypv_class1_moderate_70_0_2_2,1,0.0,0.0,47.05611408551711,47.05611408551711,0.0,0.0,0.0,0.0,0.0,0.0,0.0,0.0,412211.55938912986,89899.5515971637,0.21809080689146337,0.0
SE_utilitypv_class1_moderate_70_0_2_3,1,0.0,0.0,3.595655295127207,3.595655295127207,0.0,0.0,0.0,0.0,0.0,0.0,0.0,0.0,31497.940385314334,5745.874665612705,0.18242064704305788,0.0
SE_utilitypv_class1_moderate_70_0_2_4,1,0.0,0.0,209438.25276080228,209438.25276080228,0.0,0.0,0.0,0.0,0.0,0.0,0.0,0.0,1.834679094184628e9,5.293009481397474e8,0.2884978358435923,0.0
SE_utilitypv_class1_moderate_70_0_2_5,1,0.0,0.0,955444.5146886468,955444.5146886468,0.0,0.0,0.0,0.0,0.0,0.0,0.0,0.0,8.369693948672545e9,2.8605454586856728e9,0.34177420061331665,0.0
SE_utilitypv_class1_moderate_70_0_2_6,1,0.0,0.0,5.415928334500286,5.415928334500286,0.0,0.0,0.0,0.0,0.0,0.0,0.0,0.0,47443.5322102225,9389.284243419132,0.19790440985327928,0.0
SE_utilitypv_class1_moderate_70_0_2_7,1,0.0,0.0,9.493506414053249,9.493506414053249,0.0,0.0,0.0,0.0,0.0,0.0,0.0,0.0,83163.11618710645,17495.10145906076,0.21037092236537894,0.0
SE_utilitypv_class1_moderate_70_0_2_8,1,0.0,0.0,989512.425735014,989512.425735014,0.0,0.0,0.0,0.0,0.0,0.0,0.0,0.0,8.668128849438723e9,2.9333443523996286e9,0.33840571631437716,0.0
MIDAT_utilitypv_class1_moderate_70_0_2_1,2,0.0,0.0,26782.949720913275,26782.949720913275,0.0,0.0,0.0,0.0,0.0,0.0,0.0,0.0,2.3461863955520028e8,6.250746169470566e7,0.26642155036449744,0.0
MIDAT_utilitypv_class1_moderate_70_0_2_2,2,0.0,0.0,288616.81602119276,288616.81602119276,0.0,0.0,0.0,0.0,0.0,0.0,0.0,0.0,2.528283308345649e9,7.364387871690967e8,0.2912801681434097,0.0
MIDAT_utilitypv_class1_moderate_70_0_2_3,2,0.0,0.0,115698.92902249483,115698.92902249483,0.0,0.0,0.0,0.0,0.0,0.0,0.0,0.0,1.0135226182370547e9,2.849925657763334e8,0.28119013887628497,0.0
MIDAT_utilitypv_class1_moderate_70_0_2_4,2,0.0,0.0,996250.0036505535,996250.0036505535,0.0,0.0,0.0,0.0,0.0,0.0,0.0,0.0,8.72715003197885e9,2.516337698385406e9,0.2883344149195102,0.0
MIDAT_utilitypv_class1_moderate_70_0_2_5,2,0.0,0.0,188848.27964137134,188848.27964137134,0.0,0.0,0.0,0.0,0.0,0.0,0.0,0.0,1.654310929658413e9,4.0873616169011974e8,0.24707336109694736,0.0
MIDAT_utilitypv_class1_moderate_70_0_2_6,2,0.0,0.0,71.49757518785431,71.49757518785431,0.0,0.0,0.0,0.0,0.0,0.0,0.0,0.0,626318.7586456038,139241.3337741181,0.22231704200465505,0.0
MIDAT_utilitypv_class1_moderate_70_0_2_7,2,0.0,0.0,484806.36014234193,484806.36014234193,0.0,0.0,0.0,0.0,0.0,0.0,0.0,0.0,4.2469037148469152e9,1.1806601578474603e9,0.2780049271472637,0.0
NE_utilitypv_class1_moderate_70_0_2_1,3,0.0,0.0,10.679005314476864,10.679005314476864,0.0,0.0,0.0,0.0,0.0,0.0,0.0,0.0,93548.08655481733,18350.468363716504,0.1961608092642653,0.0
NE_utilitypv_class1_moderate_70_0_2_2,3,0.0,0.0,3.4615289005333323,3.4615289005333323,0.0,0.0,0.0,0.0,0.0,0.0,0.0,0.0,30322.99316867199,5689.388327140758,0.18762621141961386,0.0
NE_utilitypv_class1_moderate_70_0_2_3,3,0.0,0.0,1.870201756949468,1.870201756949468,0.0,0.0,0.0,0.0,0.0,0.0,0.0,0.0,16382.96739087734,2115.4111049676485,0.12912258533491253,0.0
NE_utilitypv_class1_moderate_70_0_2_4,3,0.0,0.0,2.3534714411322986,2.3534714411322986,0.0,0.0,0.0,0.0,0.0,0.0,0.0,0.0,20616.409824318936,3198.794306251349,0.15515767941700884,0.0
NE_utilitypv_class1_moderate_70_0_2_5,3,0.0,0.0,787811.6078473969,787811.6078473969,0.0,0.0,0.0,0.0,0.0,0.0,0.0,0.0,6.9012296847431965e9,1.747264379923124e9,0.25318160092336384,0.0
NE_utilitypv_class1_moderate_70_0_2_6,3,0.0,0.0,3.7030436424121795,3.7030436424121795,0.0,0.0,0.0,0.0,0.0,0.0,0.0,0.0,32438.662307530692,6485.118491215058,0.19991941806150024,0.0
NE_utilitypv_class1_moderate_70_0_2_7,3,0.0,0.0,13474.827175035225,13474.827175035225,0.0,0.0,0.0,0.0,0.0,0.0,0.0,0.0,1.1803948605330858e8,2.2623629071615893e7,0.19166153486468662,0.0
SE_landbasedwind_class4_moderate_70_1,1,0.0,0.0,84057.9762844123,84057.9762844123,0.0,0.0,0.0,0.0,0.0,0.0,0.0,0.0,7.363478722514517e8,2.0247760060406604e8,0.2749754677567982,0.0
SE_landbasedwind_class4_moderate_70_2,1,0.0,0.0,20181.988509215353,20181.988509215353,0.0,0.0,0.0,0.0,0.0,0.0,0.0,0.0,1.767942193407265e8,4.584259603111704e7,0.25929917958893745,0.0
SE_landbasedwind_class4_moderate_70_3,1,0.0,0.0,105300.98594399501,105300.98594399501,0.0,0.0,0.0,0.0,0.0,0.0,0.0,0.0,9.224366368693963e8,2.788780600981305e8,0.3023276059855975,0.0
SE_landbasedwind_class4_moderate_70_4,1,0.0,0.0,95535.98495768779,95535.98495768779,0.0,0.0,0.0,0.0,0.0,0.0,0.0,0.0,8.368952282293451e8,3.113097151046208e8,0.3719817064356694,0.0
SE_landbasedwind_class4_moderate_70_5,1,0.0,0.0,79806.99033078038,79806.99033078038,0.0,0.0,0.0,0.0,0.0,0.0,0.0,0.0,6.991092352976362e8,2.4245843034604383e8,0.3468105098666312,0.0
SE_landbasedwind_class4_moderate_70_6,1,0.0,0.0,117167.99443199762,117167.99443199762,0.0,0.0,0.0,0.0,0.0,0.0,0.0,0.0,1.0263916312242992e9,4.227887574530616e8,0.41191758057180494,0.0
SE_landbasedwind_class4_moderate_70_7,1,0.0,0.0,66200.99133388393,66200.99133388393,0.0,0.0,0.0,0.0,0.0,0.0,0.0,0.0,5.799206840848231e8,2.004412338447396e8,0.34563560042880226,0.0
SE_landbasedwind_class4_moderate_70_8,1,0.0,0.0,102848.98290953487,102848.98290953487,0.0,0.0,0.0,0.0,0.0,0.0,0.0,0.0,9.009570902875254e8,3.0743479118658334e8,0.3412313355439277,0.0
MIDAT_landbasedwind_class4_moderate_70_1,2,0.0,0.0,1383.9972215564808,1383.9972215564808,0.0,0.0,0.0,0.0,0.0,0.0,0.0,0.0,1.2123815660834773e7,4.587642839599977e6,0.3783992571266215,0.0
MIDAT_landbasedwind_class4_moderate_70_2,2,0.0,0.0,25175.993012090297,25175.993012090297,0.0,0.0,0.0,0.0,0.0,0.0,0.0,0.0,2.20541698785911e8,6.933780859907879e7,0.3143977260571838,0.0
MIDAT_landbasedwind_class4_moderate_70_3,2,0.0,0.0,10378.992653987378,10378.992653987378,0.0,0.0,0.0,0.0,0.0,0.0,0.0,0.0,9.091997564892943e7,2.804524876303993e7,0.3084608037218514,0.0
MIDAT_landbasedwind_class4_moderate_70_4,2,0.0,0.0,94296.96942844396,94296.96942844396,0.0,0.0,0.0,0.0,0.0,0.0,0.0,0.0,8.260414521931691e8,2.3028407473257837e8,0.27878028895664503,0.0
MIDAT_landbasedwind_class4_moderate_70_5,2,0.0,0.0,9.525803921663332,9.525803921663332,0.0,0.0,0.0,0.0,0.0,0.0,0.0,0.0,83446.04235377078,18107.459681601555,0.21699602726315886,0.0
MIDAT_landbasedwind_class4_moderate_70_6,2,0.0,0.0,86256.9936924443,86256.9936924443,0.0,0.0,0.0,0.0,0.0,0.0,0.0,0.0,7.55611264745812e8,2.6184635957223567e8,0.3465358072187038,0.0
MIDAT_landbasedwind_class4_moderate_70_7,2,0.0,0.0,42062.991159271114,42062.991159271114,0.0,0.0,0.0,0.0,0.0,0.0,0.0,0.0,3.6847180255521494e8,1.095643306026983e8,0.29734793773339074,0.0
NE_landbasedwind_class4_moderate_70_1,3,0.0,0.0,6840.994057432229,6840.994057432229,0.0,0.0,0.0,0.0,0.0,0.0,0.0,0.0,5.992710794310632e7,1.9078560419240676e7,0.31836277561322507,0.0
NE_landbasedwind_class4_moderate_70_2,3,0.0,0.0,10959.993911559131,10959.993911559131,0.0,0.0,0.0,0.0,0.0,0.0,0.0,0.0,9.600954666525799e7,3.4293408953168824e7,0.35718748962261515,0.0
NE_landbasedwind_class4_moderate_70_3,3,0.0,0.0,65323.992608770845,65323.992608770845,0.0,0.0,0.0,0.0,0.0,0.0,0.0,0.0,5.722381752528327e8,1.9715064155294165e8,0.3445254966882179,0.0
NE_landbasedwind_class4_moderate_70_4,3,0.0,0.0,17701.99041001757,17701.99041001757,0.0,0.0,0.0,0.0,0.0,0.0,0.0,0.0,1.550694359917539e8,4.737387439761443e7,0.30550104277243656,0.0
NE_landbasedwind_class4_moderate_70_5,3,0.0,0.0,4.170155112308688,4.170155112308688,0.0,0.0,0.0,0.0,0.0,0.0,0.0,0.0,36530.558783824104,7467.059817336156,0.20440584721202248,0.0
NE_landbasedwind_class4_moderate_70_6,3,0.0,0.0,1110.9963526162016,1110.9963526162016,0.0,0.0,0.0,0.0,0.0,0.0,0.0,0.0,9.732328048917927e6,3.5009040013997373e6,0.35971907068925607,0.0
NE_landbasedwind_class4_moderate_70_7,3,0.0,0.0,13216.984126402778,13216.984126402778,0.0,0.0,0.0,0.0,0.0,0.0,0.0,0.0,1.1578078094728833e8,3.0880283110789843e7,0.2667133772819234,0.0
Total,n/a,325671.816,44527.55776111644,7.946988932227254e6,8.228133190466138e6,0.0,0.0,1.4253397179164113e7,1.4253397179164113e7,0.0,0.0,0.0,0.0,7.207844674848337e10,2.2300643242827816e10,-,2.3442597815344515e8
