region,MIDAT,MIDAT,MIDAT,MIDAT,MIDAT,MIDAT,MIDAT,MIDAT,MIDAT,MIDAT,MIDAT,MIDAT,MIDAT,NE,NE,NE,NE,NE,NE,NE,NE,NE,NE,NE,NE,SE,SE,SE,SE,SE,SE,SE,SE,SE,SE,SE,SE,SE,SE,SE,SE,SE,MIDAT,MIDAT,MIDAT,MIDAT,MIDAT,NE,NE,NE,NE,NE,NE,SE,SE,SE,SE,SE,SE,SE,SE,MIDAT,MIDAT,MIDAT,MIDAT,MIDAT,MIDAT,MIDAT,NE,NE,NE,NE,NE,NE,NE,SE,SE,SE,SE,SE,SE,SE,SE,MIDAT,MIDAT,MIDAT,MIDAT,MIDAT,MIDAT,MIDAT,NE,NE,NE,NE,NE,NE,NE
Resource,MIDAT_conventional_hydroelectric_1,MIDAT_hydroelectric_pumped_storage_1,MIDAT_natural_gas_fired_combined_cycle_1,MIDAT_natural_gas_fired_combined_cycle_2,MIDAT_natural_gas_fired_combined_cycle_3,MIDAT_natural_gas_fired_combined_cycle_4,MIDAT_natural_gas_fired_combustion_turbine_1,MIDAT_natural_gas_fired_combustion_turbine_2,MIDAT_nuclear_1,MIDAT_nuclear_2,MIDAT_onshore_wind_turbine_1,MIDAT_small_hydroelectric_1,MIDAT_solar_photovoltaic_1,NE_conventional_hydroelectric_1,NE_hydroelectric_pumped_storage_1,NE_natural_gas_fired_combined_cycle_1,NE_natural_gas_fired_combined_cycle_2,NE_natural_gas_fired_combined_cycle_3,NE_natural_gas_fired_combustion_turbine_1,NE_natural_gas_fired_combustion_turbine_2,NE_nuclear_1,NE_nuclear_2,NE_onshore_wind_turbine_1,NE_small_hydroelectric_1,NE_solar_photovoltaic_1,SE_conventional_hydroelectric_1,SE_hydroelectric_pumped_storage_1,SE_natural_gas_fired_combined_cycle_1,SE_natural_gas_fired_combined_cycle_2,SE_natural_gas_fired_combined_cycle_3,SE_natural_gas_fired_combined_cycle_4,SE_natural_gas_fired_combustion_turbine_1,SE_natural_gas_fired_combustion_turbine_2,SE_nuclear_1,SE_nuclear_2,SE_small_hydroelectric_1,SE_solar_photovoltaic_1,SE_naturalgas_ccccsavgcf_conservative_0,SE_naturalgas_ccavgcf_moderate_0,SE_naturalgas_ctavgcf_moderate_0,SE_battery_moderate_0,SE_nuclear_mid_0,MIDAT_naturalgas_ccccsavgcf_conservative_0,MIDAT_naturalgas_ccavgcf_moderate_0,MIDAT_naturalgas_ctavgcf_moderate_0,MIDAT_battery_moderate_0,MIDAT_nuclear_mid_0,NE_naturalgas_ccccsavgcf_conservative_0,NE_naturalgas_ccavgcf_moderate_0,NE_naturalgas_ctavgcf_moderate_0,NE_battery_moderate_0,NE_nuclear_mid_0,NE_offshorewind_class10_moderate_floating_1_1,SE_utilitypv_class1_moderate_70_0_2_1,SE_utilitypv_class1_moderate_70_0_2_2,SE_utilitypv_class1_moderate_70_0_2_3,SE_utilitypv_class1_moderate_70_0_2_4,SE_utilitypv_class1_moderate_70_0_2_5,SE_utilitypv_class1_moderate_70_0_2_6,SE_utilitypv_class1_moderate_70_0_2_7,SE_utilitypv_class1_moderate_70_0_2_8,MIDAT_utilitypv_class1_moderate_70_0_2_1,MIDAT_utilitypv_class1_moderate_70_0_2_2,MIDAT_utilitypv_class1_moderate_70_0_2_3,MIDAT_utilitypv_class1_moderate_70_0_2_4,MIDAT_utilitypv_class1_moderate_70_0_2_5,MIDAT_utilitypv_class1_moderate_70_0_2_6,MIDAT_utilitypv_class1_moderate_70_0_2_7,NE_utilitypv_class1_moderate_70_0_2_1,NE_utilitypv_class1_moderate_70_0_2_2,NE_utilitypv_class1_moderate_70_0_2_3,NE_utilitypv_class1_moderate_70_0_2_4,NE_utilitypv_class1_moderate_70_0_2_5,NE_utilitypv_class1_moderate_70_0_2_6,NE_utilitypv_class1_moderate_70_0_2_7,SE_landbasedwind_class4_moderate_70_1,SE_landbasedwind_class4_moderate_70_2,SE_landbasedwind_class4_moderate_70_3,SE_landbasedwind_class4_moderate_70_4,SE_landbasedwind_class4_moderate_70_5,SE_landbasedwind_class4_moderate_70_6,SE_landbasedwind_class4_moderate_70_7,SE_landbasedwind_class4_moderate_70_8,MIDAT_landbasedwind_class4_moderate_70_1,MIDAT_landbasedwind_class4_moderate_70_2,MIDAT_landbasedwind_class4_moderate_70_3,MIDAT_landbasedwind_class4_moderate_70_4,MIDAT_landbasedwind_class4_moderate_70_5,MIDAT_landbasedwind_class4_moderate_70_6,MIDAT_landbasedwind_class4_moderate_70_7,NE_landbasedwind_class4_moderate_70_1,NE_landbasedwind_class4_moderate_70_2,NE_landbasedwind_class4_moderate_70_3,NE_landbasedwind_class4_moderate_70_4,NE_landbasedwind_class4_moderate_70_5,NE_landbasedwind_class4_moderate_70_6,NE_landbasedwind_class4_moderate_70_7
zone,2,2,2,2,2,2,2,2,2,2,2,2,2,3,3,3,3,3,3,3,3,3,3,3,3,1,1,1,1,1,1,1,1,1,1,1,1,1,1,1,1,1,2,2,2,2,2,3,3,3,3,3,3,1,1,1,1,1,1,1,1,2,2,2,2,2,2,2,3,3,3,3,3,3,3,1,1,1,1,1,1,1,1,2,2,2,2,2,2,2,3,3,3,3,3,3,3
Cluster,1,1,1,2,3,4,1,2,1,2,1,1,1,1,1,1,2,3,1,2,1,2,1,1,1,1,1,1,2,3,4,1,2,1,2,1,1,0,0,0,0,0,0,0,0,0,0,0,0,0,0,0,1,1,2,3,4,5,6,7,8,1,2,3,4,5,6,7,1,2,3,4,5,6,7,1,2,3,4,5,6,7,8,1,2,3,4,5,6,7,1,2,3,4,5,6,7
R_ID,1,2,3,4,5,6,7,8,9,10,11,12,13,14,15,16,17,18,19,20,21,22,23,24,25,26,27,28,29,30,31,32,33,34,35,36,37,38,39,40,41,42,43,44,45,46,47,48,49,50,51,52,53,54,55,56,57,58,59,60,61,62,63,64,65,66,67,68,69,70,71,72,73,74,75,76,77,78,79,80,81,82,83,84,85,86,87,88,89,90,91,92,93,94,95,96,97
Inv_cost_MW,0.0,0.0,0.0,0.0,0.0,0.0,0.0,0.0,0.0,0.0,0.0,0.0,0.0,0.0,0.0,0.0,0.0,0.0,0.0,0.0,0.0,0.0,0.0,0.0,0.0,0.0,0.0,0.0,0.0,0.0,0.0,0.0,0.0,0.0,0.0,0.0,0.0,200444.6293487781,471480.1586480518,91543.68916073884,1.4175708834883202e10,759190.0180554098,170201.53777230033,4.331692900124482e9,126978.74269652825,1.1721373909449757e10,1.1554569778394906e6,146597.79739851787,649839.1681391635,117538.53449600514,4.978869893971225e9,1.4762206510878988e6,7.434703499267235e9,407701.5588000018,2.3504611559784794e6,179603.61295719518,1.0461477477626667e10,4.772462117010134e10,270526.5706953934,474202.31130246527,4.9426319305104416e10,1.3817332403877034e9,1.4889750852197989e10,5.9689114818749485e9,5.139656983731968e10,9.742688840832333e9,3.6885622111681555e6,2.5011175764444664e10,592686.8771459222,192115.52890850496,103796.56216263404,130618.12386270416,4.372369784303783e10,205519.64417332536,7.478555355362576e8,5.7242643573110485e9,1.3743732907877047e9,7.170892130324818e9,6.505905301402179e9,5.434776453206966e9,7.97902357386491e9,4.508221490236877e9,7.003913168962627e9,1.0135114293460053e8,1.84365663929531e9,7.600613293200277e8,6.905437003763419e9,697581.6857101102,6.316663618009358e9,3.080304037348927e9,5.919923728516989e8,9.48434211120982e8,5.652878085254233e9,1.5318597296016047e9,360868.6105220636,9.614119841257639e7,1.143745153006213e9
Inv_cost_MWh,0.0,0.0,0.0,0.0,0.0,0.0,0.0,0.0,0.0,0.0,0.0,0.0,0.0,0.0,0.0,0.0,0.0,0.0,0.0,0.0,0.0,0.0,0.0,0.0,0.0,0.0,0.0,0.0,0.0,0.0,0.0,0.0,0.0,0.0,0.0,0.0,0.0,0.0,0.0,0.0,6.733622252276863e10,0.0,0.0,0.0,0.0,6.306781116808172e10,0.0,0.0,0.0,0.0,2.136489514963962e10,0.0,0.0,0.0,0.0,0.0,0.0,0.0,0.0,0.0,0.0,0.0,0.0,0.0,0.0,0.0,0.0,0.0,0.0,0.0,0.0,0.0,0.0,0.0,0.0,0.0,0.0,0.0,0.0,0.0,0.0,0.0,0.0,0.0,0.0,0.0,0.0,0.0,0.0,0.0,0.0,0.0,0.0,0.0,0.0,0.0,0.0
Fixed_OM_cost_MW,1.2809659593599999e8,2.06608356e8,6.442635120835117e7,3.805219049846197e8,374402.211419017,1.92659536646908e8,4.5471288517384e7,9.547048690492064e6,6.514305541702296e8,3.332304667859947e9,1.3895871051069596e8,1.2017657663999999e7,6.807952114970784e7,2.1589130304e8,1.2634865310000001e8,9.791965705294082e7,2.169945281933086e8,70207.74925911636,132593.55801716942,2.3168289469856683e7,6.367682059714442e8,6.189457789979678e8,1.5714338707447815e8,3.8092982112e7,3.7296457709665634e7,5.0775251832e8,2.4671590761600003e8,2.4897275651388597e8,7.420421367279136e7,5.1118265804745775e8,78779.06424105147,83130.38378036392,60572.27011672863,6.695778599046215e9,4.177986711283845e8,1.140720696e7,1.9458962495843944e8,81970.94853500422,159540.80900085866,28445.01055267416,3.7306575478444934e9,329022.05728082656,65864.58333519517,1.2457705979672375e9,35391.63984687608,3.1407742291148987e9,484426.93383616523,52041.51955257513,153704.8878788009,27655.857359505906,1.3101306982826164e9,539155.002243879,1.847155176971891e9,125619.68268874717,724216.472105971,55338.883019829445,3.223356528395327e9,1.470475557040909e10,83353.77002151923,146109.6789804227,1.5229077283527637e10,4.1220261673586214e8,4.441953109631266e9,1.7806627646905398e9,1.5332771883121294e10,2.9064668322718525e9,1.1003824406872555e6,7.461405571202626e9,164355.08338823257,53274.61260148298,28783.314238036455,36221.06961916718,1.2124803639384594e10,56991.6418913902,2.0738414101102325e8,2.9057266314466e9,6.9765350153512e8,3.6400576447352624e9,3.3024998700154715e9,2.758778017628207e9,4.0502778775245976e9,2.288444143553616e9,3.555296497339665e9,4.7842188954417124e7,8.702868734410639e8,3.587823154371174e8,3.2596694263236294e9,329289.18068954826,2.981742540084626e9,1.4540387362675788e9,2.3648033770157447e8,3.78866439534015e8,2.258127941999067e9,6.119246172422886e8,144154.44319167576,3.8405060791780934e7,4.5688635940450704e8
Fixed_OM_cost_MWh,0.0,0.0,0.0,0.0,0.0,0.0,0.0,0.0,0.0,0.0,0.0,0.0,0.0,0.0,0.0,0.0,0.0,0.0,0.0,0.0,0.0,0.0,0.0,0.0,0.0,0.0,0.0,0.0,0.0,0.0,0.0,0.0,0.0,0.0,0.0,0.0,0.0,0.0,0.0,0.0,1.7721045895199287e10,0.0,0.0,0.0,0.0,1.6899192654048805e10,0.0,0.0,0.0,0.0,5.621919350032154e9,0.0,0.0,0.0,0.0,0.0,0.0,0.0,0.0,0.0,0.0,0.0,0.0,0.0,0.0,0.0,0.0,0.0,0.0,0.0,0.0,0.0,0.0,0.0,0.0,0.0,0.0,0.0,0.0,0.0,0.0,0.0,0.0,0.0,0.0,0.0,0.0,0.0,0.0,0.0,0.0,0.0,0.0,0.0,0.0,0.0,0.0
Var_OM_cost_out,0.0,0.0,3.431541076937302e7,3.711663584169926e8,81996.3944442716,1.8727703746901256e8,1.544636010755089e7,3.372881572331436e6,4.157564366767806e7,3.0296726702627635e8,0.0,0.0,0.0,0.0,0.0,3.625633542110267e7,1.830381686260991e8,2729.664251745694,40791.015350228656,8.682836098791298e6,5.913395556634986e7,3.665134179784582e7,0.0,0.0,0.0,0.0,0.0,2.6193102824809846e8,4.1880028702925816e7,4.047434128421232e8,14705.607595814625,12921.283240811683,13288.689805689752,5.679576225040735e8,3.659135944989323e7,0.0,0.0,27477.439646132654,33420.45573566971,14308.646984957515,0.0,34310.548958043764,18833.570166898346,3.371936034377416e8,18687.676123062887,0.0,51864.2397903143,13427.841167680279,39555.02471290131,14512.36673668271,0.0,62030.807426947955,0.0,0.0,0.0,0.0,0.0,0.0,0.0,0.0,0.0,0.0,0.0,0.0,0.0,0.0,0.0,0.0,0.0,0.0,0.0,0.0,0.0,0.0,0.0,0.0,0.0,0.0,0.0,0.0,0.0,0.0,0.0,0.0,0.0,0.0,0.0,0.0,0.0,0.0,0.0,0.0,0.0,0.0,0.0,0.0,0.0
Fuel_cost,0.0,0.0,2.135878217837444e8,2.630221153791034e9,1.0283779583522779e6,1.371900503418121e9,1.2814167538815093e8,2.4409379651494965e7,1.3491137279688308e8,9.831171883650488e8,0.0,0.0,0.0,0.0,0.0,3.096972647643928e8,1.7693619665137362e9,54084.07745218736,401079.20689699886,7.600966021753187e7,1.9188742303389332e8,1.1893220165919596e8,0.0,0.0,0.0,0.0,0.0,2.0012606987037945e9,2.700128292237924e8,3.0043465083288174e9,158569.64471080407,104393.16475200947,99386.29711413408,1.852629221221749e9,1.0895247430888714e8,0.0,0.0,126334.45807506495,449751.7495594968,103574.21290089516,0.0,111346.89719291922,84239.04244203742,4.414434009916189e9,131596.26984176756,0.0,168313.31328982316,73817.03763446104,636453.9872942768,125601.8901525348,0.0,201306.5411983996,0.0,0.0,0.0,0.0,0.0,0.0,0.0,0.0,0.0,0.0,0.0,0.0,0.0,0.0,0.0,0.0,0.0,0.0,0.0,0.0,0.0,0.0,0.0,0.0,0.0,0.0,0.0,0.0,0.0,0.0,0.0,0.0,0.0,0.0,0.0,0.0,0.0,0.0,0.0,0.0,0.0,0.0,0.0,0.0,0.0
Var_OM_cost_in,0.0,0.0,0.0,0.0,0.0,0.0,0.0,0.0,0.0,0.0,0.0,0.0,0.0,0.0,0.0,0.0,0.0,0.0,0.0,0.0,0.0,0.0,0.0,0.0,0.0,0.0,0.0,0.0,0.0,0.0,0.0,0.0,0.0,0.0,0.0,0.0,0.0,0.0,0.0,0.0,0.0,0.0,0.0,0.0,0.0,0.0,0.0,0.0,0.0,0.0,0.0,0.0,0.0,0.0,0.0,0.0,0.0,0.0,0.0,0.0,0.0,0.0,0.0,0.0,0.0,0.0,0.0,0.0,0.0,0.0,0.0,0.0,0.0,0.0,0.0,0.0,0.0,0.0,0.0,0.0,0.0,0.0,0.0,0.0,0.0,0.0,0.0,0.0,0.0,0.0,0.0,0.0,0.0,0.0,0.0,0.0,0.0
StartCost,0.0,0.0,2.0302758900057524e7,3.200681923735955e8,192286.22810172045,1.5148473231865045e8,3.1825493749554582e7,4.747602397870763e6,24337.083273637843,26694.159434302794,0.0,0.0,0.0,0.0,0.0,6.2627519901411965e7,1.5162041590565926e8,8771.843323897654,95787.42087218835,1.6059988475898623e7,23702.55680863443,23491.360060448198,0.0,0.0,0.0,0.0,0.0,3.229295502527518e8,7.699304856621365e7,7.260089824796873e8,43823.73648362304,46439.62216873755,42658.291682436364,30601.910297751427,26409.93651423356,0.0,0.0,36249.16627158044,71763.74499971379,57414.2823574267,0.0,47662.528138807975,31299.24570801514,4.141957073181994e8,59790.60967460514,0.0,46004.94574033256,28314.592583075384,71595.30289700291,56069.84453289142,0.0,36347.27043579123,0.0,0.0,0.0,0.0,0.0,0.0,0.0,0.0,0.0,0.0,0.0,0.0,0.0,0.0,0.0,0.0,0.0,0.0,0.0,0.0,0.0,0.0,0.0,0.0,0.0,0.0,0.0,0.0,0.0,0.0,0.0,0.0,0.0,0.0,0.0,0.0,0.0,0.0,0.0,0.0,0.0,0.0,0.0,0.0,0.0
Charge_cost,0.0,0.0,0.0,0.0,0.0,0.0,0.0,0.0,0.0,0.0,0.0,0.0,0.0,0.0,0.0,0.0,0.0,0.0,0.0,0.0,0.0,0.0,0.0,0.0,0.0,0.0,0.0,0.0,0.0,0.0,0.0,0.0,0.0,0.0,0.0,0.0,0.0,0.0,0.0,0.0,5.838213138935178e10,0.0,0.0,0.0,0.0,4.803749674856712e10,0.0,0.0,0.0,0.0,2.0254424562702766e10,0.0,0.0,0.0,0.0,0.0,0.0,0.0,0.0,0.0,0.0,0.0,0.0,0.0,0.0,0.0,0.0,0.0,0.0,0.0,0.0,0.0,0.0,0.0,0.0,0.0,0.0,0.0,0.0,0.0,0.0,0.0,0.0,0.0,0.0,0.0,0.0,0.0,0.0,0.0,0.0,0.0,0.0,0.0,0.0,0.0,0.0
EnergyRevenue,3.3706574601065123e8,0.0,9.344948701331267e8,1.1069545987202145e10,3.3626239535123184e6,5.849778839457273e9,4.597681454838351e8,9.166792259443337e7,1.156639389721575e9,8.424862110465759e9,7.432980158197253e8,2.020960726544351e7,2.2483686375662896e8,1.7903876324717405e9,0.0,1.0903819286502273e9,5.906163364288505e9,43371.93805701541,1.0543477583879977e6,2.5575770773325208e8,1.7284047432575881e9,1.0712572550923445e9,7.02641350483621e8,1.9923902622604015e8,9.720812322702883e7,9.075525466016054e8,0.0,7.832161509439007e9,1.0834284198320363e9,1.2519743041417576e10,357803.28954927233,192840.72484302658,207993.91412774607,1.512743491011417e10,1.0033943218118917e9,1.7463087761465307e7,5.702425580905398e8,360598.9004448019,1.8307030065109693e6,235894.2988075052,1.6926721494996817e11,893934.4939574042,258275.18060966107,1.8794671898824493e10,355905.29162952496,1.4286654359389392e11,1.453408573862415e6,174084.87936654573,2.214440914950733e6,271726.7726589114,5.353012313841682e10,1.7825919856629854e6,1.0015740933688675e10,531167.8268469459,3.2121199007463837e6,198658.5325582016,1.5412948250781006e10,7.516529908337358e10,322274.6131927326,610700.0163113764,7.767108707209036e10,2.0244840891231453e9,2.1007375653604992e10,8.837076362620953e9,7.11774272243085e10,1.2649114389680273e10,4.74607038592207e6,3.2472541524386448e10,706748.450690857,193391.9406849593,66162.34414267521,107414.87335821759,5.584848817256677e10,225388.05383880384,9.552055405289224e8,1.1653312571719347e10,3.1515328318151426e9,1.7499555887391857e10,1.57106837778062e10,1.3941190041331486e10,2.5278355620297512e10,1.235541488004961e10,1.4825605631546923e10,3.1832343370386606e8,4.697558802012863e9,1.7352849822603688e9,1.2848105760116104e10,967387.1540691819,1.7967687826191494e10,7.054749328936597e9,1.3153159327466538e9,2.1885231591849027e9,1.2907963852870388e10,3.1004546570523276e9,432821.45973854396,2.3427107016554177e8,1.995150501442707e9
SubsidyRevenue,0.0,0.0,0.0,0.0,0.0,0.0,0.0,0.0,0.0,0.0,0.0,0.0,0.0,0.0,0.0,0.0,0.0,0.0,0.0,0.0,0.0,0.0,0.0,0.0,0.0,0.0,0.0,0.0,0.0,0.0,0.0,0.0,0.0,0.0,0.0,0.0,0.0,0.0,0.0,0.0,0.0,0.0,0.0,0.0,0.0,0.0,0.0,0.0,0.0,0.0,0.0,0.0,0.0,0.0,0.0,0.0,0.0,0.0,0.0,0.0,0.0,0.0,0.0,0.0,0.0,0.0,0.0,0.0,0.0,0.0,0.0,0.0,0.0,0.0,0.0,0.0,0.0,0.0,0.0,0.0,0.0,0.0,0.0,0.0,0.0,0.0,0.0,0.0,0.0,0.0,0.0,0.0,0.0,0.0,0.0,0.0,0.0
ReserveMarginRevenue,0.0,0.0,0.0,0.0,0.0,0.0,0.0,0.0,0.0,0.0,0.0,0.0,0.0,0.0,0.0,0.0,0.0,0.0,0.0,0.0,0.0,0.0,0.0,0.0,0.0,0.0,0.0,0.0,0.0,0.0,0.0,0.0,0.0,0.0,0.0,0.0,0.0,0.0,0.0,0.0,0.0,0.0,0.0,0.0,0.0,0.0,0.0,0.0,0.0,0.0,0.0,0.0,0.0,0.0,0.0,0.0,0.0,0.0,0.0,0.0,0.0,0.0,0.0,0.0,0.0,0.0,0.0,0.0,0.0,0.0,0.0,0.0,0.0,0.0,0.0,0.0,0.0,0.0,0.0,0.0,0.0,0.0,0.0,0.0,0.0,0.0,0.0,0.0,0.0,0.0,0.0,0.0,0.0,0.0,0.0,0.0,0.0
ESRRevenue,0.0,0.0,0.0,0.0,0.0,0.0,0.0,0.0,0.0,0.0,0.0,0.0,0.0,0.0,0.0,0.0,0.0,0.0,0.0,0.0,0.0,0.0,0.0,0.0,0.0,0.0,0.0,0.0,0.0,0.0,0.0,0.0,0.0,0.0,0.0,0.0,0.0,0.0,0.0,0.0,0.0,0.0,0.0,0.0,0.0,0.0,0.0,0.0,0.0,0.0,0.0,0.0,0.0,0.0,0.0,0.0,0.0,0.0,0.0,0.0,0.0,0.0,0.0,0.0,0.0,0.0,0.0,0.0,0.0,0.0,0.0,0.0,0.0,0.0,0.0,0.0,0.0,0.0,0.0,0.0,0.0,0.0,0.0,0.0,0.0,0.0,0.0,0.0,0.0,0.0,0.0,0.0,0.0,0.0,0.0,0.0,0.0
EmissionsCost,0.0,0.0,3.918912028647515e8,4.835402704585859e9,1.899648425166543e6,2.5200141038188224e9,2.3912758430598256e8,4.531699176405822e7,0.0,0.0,0.0,0.0,0.0,0.0,0.0,4.674217412978868e8,2.6430665228475437e9,81340.54175560769,611224.0191688199,1.1547073863643637e8,0.0,0.0,0.0,0.0,0.0,0.0,0.0,3.590682385887109e9,4.889686502763876e8,5.422970409457889e9,286967.43806952593,193266.94573946937,183721.9394825313,0.0,0.0,0.0,0.0,22440.430063846718,798675.1949412376,184084.97114370187,0.0,0.0,15389.728171351124,8.051638873386846e9,240288.70895174885,0.0,0.0,10980.417673797587,944992.43805394,186686.36423345204,0.0,0.0,0.0,0.0,0.0,0.0,0.0,0.0,0.0,0.0,0.0,0.0,0.0,0.0,0.0,0.0,0.0,0.0,0.0,0.0,0.0,0.0,0.0,0.0,0.0,0.0,0.0,0.0,0.0,0.0,0.0,0.0,0.0,0.0,0.0,0.0,0.0,0.0,0.0,0.0,0.0,0.0,0.0,0.0,0.0,0.0,0.0
RegSubsidyRevenue,0.0,0.0,0.0,0.0,0.0,0.0,0.0,0.0,0.0,0.0,0.0,0.0,0.0,0.0,0.0,0.0,0.0,0.0,0.0,0.0,0.0,0.0,0.0,0.0,0.0,0.0,0.0,0.0,0.0,0.0,0.0,0.0,0.0,0.0,0.0,0.0,0.0,0.0,0.0,0.0,0.0,0.0,0.0,0.0,0.0,0.0,0.0,0.0,0.0,0.0,0.0,0.0,0.0,0.0,0.0,0.0,0.0,0.0,0.0,0.0,0.0,0.0,0.0,0.0,0.0,0.0,0.0,0.0,0.0,0.0,0.0,0.0,0.0,0.0,0.0,0.0,0.0,0.0,0.0,0.0,0.0,0.0,0.0,0.0,0.0,0.0,0.0,0.0,0.0,0.0,0.0,0.0,0.0,0.0,0.0,0.0,0.0
Revenue,3.3706574601065123e8,0.0,9.344948701331267e8,1.1069545987202145e10,3.3626239535123184e6,5.849778839457273e9,4.597681454838351e8,9.166792259443337e7,1.156639389721575e9,8.424862110465759e9,7.432980158197253e8,2.020960726544351e7,2.2483686375662896e8,1.7903876324717405e9,0.0,1.0903819286502273e9,5.906163364288505e9,43371.93805701541,1.0543477583879977e6,2.5575770773325208e8,1.7284047432575881e9,1.0712572550923445e9,7.02641350483621e8,1.9923902622604015e8,9.720812322702883e7,9.075525466016054e8,0.0,7.832161509439007e9,1.0834284198320363e9,1.2519743041417576e10,357803.28954927233,192840.72484302658,207993.91412774607,1.512743491011417e10,1.0033943218118917e9,1.7463087761465307e7,5.702425580905398e8,360598.9004448019,1.8307030065109693e6,235894.2988075052,1.6926721494996817e11,893934.4939574042,258275.18060966107,1.8794671898824493e10,355905.29162952496,1.4286654359389392e11,1.453408573862415e6,174084.87936654573,2.214440914950733e6,271726.7726589114,5.353012313841682e10,1.7825919856629854e6,1.0015740933688675e10,531167.8268469459,3.2121199007463837e6,198658.5325582016,1.5412948250781006e10,7.516529908337358e10,322274.6131927326,610700.0163113764,7.767108707209036e10,2.0244840891231453e9,2.1007375653604992e10,8.837076362620953e9,7.11774272243085e10,1.2649114389680273e10,4.74607038592207e6,3.2472541524386448e10,706748.450690857,193391.9406849593,66162.34414267521,107414.87335821759,5.584848817256677e10,225388.05383880384,9.552055405289224e8,1.1653312571719347e10,3.1515328318151426e9,1.7499555887391857e10,1.57106837778062e10,1.3941190041331486e10,2.5278355620297512e10,1.235541488004961e10,1.4825605631546923e10,3.1832343370386606e8,4.697558802012863e9,1.7352849822603688e9,1.2848105760116104e10,967387.1540691819,1.7967687826191494e10,7.054749328936597e9,1.3153159327466538e9,2.1885231591849027e9,1.2907963852870388e10,3.1004546570523276e9,432821.45973854396,2.3427107016554177e8,1.995150501442707e9
Cost,1.2809659593599999e8,2.06608356e8,7.245235455262777e8,8.537380314152101e9,3.57671121748383e6,4.4233359136715145e9,4.6001240206862295e8,8.739390407624744e7,8.279419077180643e8,4.6184158174107065e9,1.3895871051069596e8,1.2017657663999999e7,6.807952114970784e7,2.1589130304e8,1.2634865310000001e8,9.739225184377351e8,4.964081602086348e9,217133.87604255477,1.2814752203054053e6,2.3939151289851487e8,8.87813287128496e8,7.745528138150702e8,1.5714338707447815e8,3.8092982112e7,3.7296457709665634e7,5.0775251832e8,2.4671590761600003e8,6.42577641960564e9,9.520587704421108e8,1.0069251971155973e10,582845.4911008191,440151.399681392,399627.4882015202,9.116396044682335e9,5.633689148236791e8,1.140720696e7,1.9458962495843944e8,494917.07194040704,1.9846321128850284e6,479370.8131003942,1.613457661900474e11,1.2815320496260072e6,385827.70759579755,1.8794925692150696e10,612733.6471345888,1.4286664870926233e11,1.906066410496126e6,325179.2060101073,2.4961408089760854e6,528064.8575110721,5.353023965462839e10,2.3150602723929165e6,9.281858676239126e9,533321.2414887489,3.0746776280844505e6,234942.4959770246,1.3684834006021994e10,6.242937674051043e10,353880.34071691264,620311.990282888,6.465539658863205e10,1.7939358571235657e9,1.9331703961829254e10,7.749574246565489e9,6.672934172044097e10,1.2649155673104185e10,4.788944651855411e6,3.247258133564729e10,757041.9605341547,245390.14150998794,132579.8764006705,166839.19348187133,5.5848501482422424e10,262511.2860647156,9.552396765472809e8,8.629990988757648e9,2.0720267923228247e9,1.081094977506008e10,9.80840517141765e9,8.193554470835174e9,1.2029301451389507e10,6.796665633790493e9,1.0559209666302292e10,1.4919333188901764e8,2.713943512736374e9,1.1188436447571452e9,1.0165106430087048e10,1.0268708663996585e6,9.298406158093985e9,4.534342773616506e9,8.284727105532733e8,1.327300650654997e9,7.9110060272533e9,2.1437843468438933e9,505023.0537137394,1.3454625920435733e8,1.6006315124107199e9
Profit,2.0896915007465124e8,-2.06608356e8,2.0997132460684907e8,2.532165673050044e9,-214087.26397151174,1.426442925785758e9,-244256.5847878456,4.274018518185928e6,3.286974820035107e8,3.8064462930550528e9,6.043393053090293e8,8.191949601443512e6,1.5675734260692114e8,1.5744963294317405e9,-1.2634865310000001e8,1.1645941021249223e8,9.42081762202157e8,-173761.93798553935,-227127.46191740758,1.6366194834737211e7,8.405914561290921e8,2.9670444127727437e8,5.454979634091429e8,1.6114604411404014e8,5.99116655173632e7,3.998000282816054e8,-2.4671590761600003e8,1.4063850898333664e9,1.3136964938992548e8,2.4504910702616024e9,-225042.20155154675,-247310.67483836543,-191633.5740737741,6.011038865431835e9,4.400254069882126e8,6.055880801465306e6,3.7565293313210034e8,-134318.17149560514,-153929.1063740591,-243476.514292889,7.921448759920776e9,-387597.55566860305,-127552.52698613648,-253793.32620239258,-256828.35550506384,-105115.36840820312,-452657.8366337109,-151094.32664356157,-281699.8940253523,-256338.08485216065,-116516.21157073975,-532468.2867299311,7.338822574495487e8,-2153.414641803014,137442.2726619332,-36283.963418823,1.7281142447590122e9,1.2735922342863152e10,-31605.727524180023,-9611.973971511587,1.3015690483458313e10,2.3054823199957967e8,1.6756716917757378e9,1.0875021160554638e9,4.448085503867531e9,-41283.42391204834,-42874.26593334135,-39811.26084136963,-50293.50984329765,-51998.200825028645,-66417.53225799529,-59424.32012365374,-13309.855651855469,-37123.23222591175,-34136.01835846901,3.0233215829616985e9,1.079506039492318e9,6.688606112331778e9,5.90227860638855e9,5.747635570496312e9,1.3249054168908005e10,5.558749246259117e9,4.266395965244631e9,1.6913010181484842e8,1.9836152892764893e9,6.164413375032237e8,2.6829993300290565e9,-59483.712330476614,8.66928166809751e9,2.5204065553200912e9,4.868432221933805e8,8.612225085299056e8,4.996957825617088e9,9.566703102084343e8,-72201.59397519543,9.972481096118444e7,3.945189890319872e8
