BalanceComponent,Generation,Storage_Discharge,Storage_Charge,Flexible_Demand_Defer,Flexible_Demand_Stasify,Demand_Response,Nonserved_Energy,Transmission_NetExport,Transmission_Losses,Demand,Generation,Storage_Discharge,Storage_Charge,Flexible_Demand_Defer,Flexible_Demand_Stasify,Demand_Response,Nonserved_Energy,Transmission_NetExport,Transmission_Losses,Demand,Generation,Storage_Discharge,Storage_Charge,Flexible_Demand_Defer,Flexible_Demand_Stasify,Demand_Response,Nonserved_Energy,Transmission_NetExport,Transmission_Losses,Demand
Zone,1,1,1,1,1,1,1,1,1,1,2,2,2,2,2,2,2,2,2,2,3,3,3,3,3,3,3,3,3,3
AnnualSum,8.826620023697315e9,2.1328749527064097e9,-2.519937325968402e9,0.0,0.0,0.0,0.7564091963559928,2.367787735987215e7,0.0,-8.472656793999996e9,6.427711311914694e9,1.861979583933056e9,-2.1998813609807706e9,0.0,0.0,0.0,0.7895087188047737,-3.2337400082844842e7,0.0,-5.968995549999994e9,2.3836412768230515e9,6.678160937532967e8,-7.890076722037582e8,0.0,0.0,0.0,0.8778342984408888,8.659522722972734e6,0.0,-2.239597878e9
t1,382941.3658929847,385053.773786341,-0.2712674183924918,0.0,0.0,0.0,8.242248963367406e-5,33311.74684960258,-0.0,-806154.0484255757,234214.5452299128,288213.0416182965,-0.26751663057515374,0.0,0.0,0.0,9.104874859197193e-5,-44801.4196872453,-0.0,-473038.68623336835,85199.58306049502,85771.39174487143,-0.2583359244203338,0.0,0.0,0.0,9.086764266605326e-5,11489.672837642722,-0.0,-179488.02495630045
t2,389442.9185932689,327201.6172596361,-0.2468805555173136,0.0,0.0,0.0,8.531688908203803e-5,33311.74293264853,-0.0,-754796.8440598656,238158.5192105855,263222.8273398592,-0.2674306080182286,0.0,0.0,0.0,9.458137789533293e-5,-44801.42086174324,-0.0,-451992.44788698584,86817.86620314195,75095.81143950947,-0.27568444714099927,0.0,0.0,0.0,9.40892702270191e-5,11489.67792909471,-0.0,-170430.70457826398
t3,386027.8401078189,295818.4533046881,-0.23248970602498137,0.0,0.0,0.0,8.692330670060246e-5,33311.74021246035,-0.0,-719983.85663668,238386.9664051258,252023.96050990617,-0.25684283533056174,0.0,0.0,0.0,9.600901241360299e-5,-44801.41421835612,-0.0,-441022.05081671465,90614.35241173662,66166.26113901084,-0.2883271605914175,0.0,0.0,0.0,9.546953737231713e-5,11489.674005895771,-0.0,-165297.6155645545
t4,371029.76554803085,290032.8427062577,-0.2287258810045804,0.0,0.0,0.0,8.906663408915506e-5,33311.740697912486,-0.0,-699168.4954313702,243604.127156179,247326.52968054597,-0.21984939511307455,0.0,0.0,0.0,9.783739569783701e-5,-44801.378805614586,-0.0,-441541.8602646724,90583.59892137039,65139.941536193415,-0.1049370618499433,0.0,0.0,0.0,9.723414147115392e-5,11489.638107702101,-0.0,-164240.62445403918
t5,360276.4427185943,299897.1575638008,-0.3068333563303945,0.0,0.0,0.0,8.941003936687933e-5,33311.78571551079,-0.0,-698208.4939618076,419631.340279798,65715.10580305841,-0.08358578836971885,0.0,0.0,0.0,9.887107241164955e-5,-21821.83635401108,-0.0,-458937.3438835377,185303.1274033354,0.10517137558824463,-1194.893736708912,0.0,0.0,0.0,9.984860007666835e-5,-11489.949361499712,-0.0,-167915.79469462406
t6,596050.90577925,83210.74936057121,-0.13597678582557685,0.0,0.0,0.0,8.861642292542551e-5,33311.95774353809,-0.0,-717580.9787068762,833796.0410865342,0.07868499844355052,-294796.0564831038,0.0,0.0,0.0,9.925919598934028e-5,-33493.35292620286,-0.0,-486620.21913524123,324061.920965958,407.95513418751375,-140873.4235288745,0.0,0.0,0.0,0.00010216772810841206,181.39518266476625,-0.0,-179074.94797058182
t7,1.0851517542974122e6,0.10446800434308687,-370981.7128725586,0.0,0.0,0.0,8.713382980435524e-5,33311.90380854522,-0.0,-752480.1938069686,1.1759485171534466e6,16810.63617250158,-612380.8423506492,0.0,0.0,0.0,9.80261818836501e-5,-33112.78941717867,-0.0,-528380.2595531496,419282.6595972346,12500.880377314901,-227419.8721705367,0.0,0.0,0.0,0.00010228376576494601,-199.11439136654917,-0.0,-199461.51214810726
t8,1.3892651891874943e6,0.43836027752284956,-635455.6944401911,0.0,0.0,0.0,8.529762067065111e-5,33311.903426948535,-0.0,-792121.931136937,1.2289439692723998e6,13687.329055911434,-627800.0578372468,0.0,0.0,0.0,9.674005091047787e-5,-33028.90745442826,-0.0,-562917.3663628078,444119.896573405,12167.562298631108,-232400.98904751835,0.0,0.0,0.0,0.00010238342183029116,-282.9959725202734,-0.0,-218900.42912310173
t9,1.5328083906973726e6,0.42541749908333515,-729786.1489601084,0.0,0.0,0.0,8.359064414287655e-5,33311.90133971885,-0.0,-841334.9406035639,1.2558048362998401e6,13189.326457797391,-627924.6969983295,0.0,0.0,0.0,9.508645258671733e-5,-32950.3234006564,-0.0,-589234.2307396457,454337.5422863893,13345.206964878362,-231568.36080440614,0.0,0.0,0.0,0.00010253400982335398,-361.5779390624466,-0.0,-231049.75223247326
t10,1.5950700969177682e6,0.42604710628303855,-743415.3940159635,0.0,0.0,0.0,8.210761578268947e-5,33311.90127627996,-0.0,-889967.3503790181,1.2732116868389708e6,14071.602904974012,-623467.6666863256,0.0,0.0,0.0,9.405432556666765e-5,-32752.490196008388,-0.0,-612178.3780006646,460792.4028664085,13979.914061320995,-229998.07505973754,0.0,0.0,0.0,0.00010307729289206665,-559.4110802715713,-0.0,-239511.75577815055
t11,1.659888847878144e6,0.420010736153522,-758865.852389977,0.0,0.0,0.0,8.099657259243603e-5,33311.89991033588,-0.0,-939335.5696640773,1.2839605169449723e6,14990.30618648131,-619130.1361136908,0.0,0.0,0.0,9.334831746416703e-5,-32728.15642280982,-0.0,-628207.8507446641,466031.275006002,14339.035852693909,-228561.58071742058,0.0,0.0,0.0,0.00010338456009136598,-583.7434875260606,-0.0,-246521.9152122579
t12,1.6852313326554082e6,0.4302516885944121,-741215.2049073252,0.0,0.0,0.0,8.00422682065971e-5,33311.90165556158,-0.0,-982328.6893698245,1.2958448627766613e6,15224.413387828483,-617849.5622880365,0.0,0.0,0.0,9.242751074517298e-5,-32956.68019504088,-0.0,-641378.371524896,467697.7467435646,14650.477180682243,-227019.9628008181,0.0,0.0,0.0,0.00010335385546886564,-355.22146052070275,-0.0,-250269.98139149905
t13,1.6699660350988833e6,0.4425291288198414,-689636.5188810088,0.0,0.0,0.0,7.972959915035457e-5,33311.904144584696,-0.0,-1.018642038371189e6,1.3094633561017213e6,15322.470833531532,-617251.8053664354,0.0,0.0,0.0,9.210070506402508e-5,-33725.62583681705,-0.0,-654923.63865133,454729.46405035484,17236.413710659606,-214642.6135450532,0.0,0.0,0.0,0.00010359937595186957,413.7216922323587,-0.0,-253033.95239888105
t14,1.596106845111005e6,0.42741636561328034,-583769.4882904048,0.0,0.0,0.0,7.9401618764107e-5,33311.90452375836,-0.0,-1.0506497520390057e6,1.3100929434898838e6,17343.605837206054,-609018.0922342137,0.0,0.0,0.0,9.179175797996947e-5,-34497.6917259707,-0.0,-665035.7457028803,403410.15901189024,26181.235170586842,-171491.15917759214,0.0,0.0,0.0,0.0001034716449248802,1185.7872022123356,-0.0,-254582.99109532594
t15,1.5234313163160658e6,0.4229866854644077,-489594.39955070906,0.0,0.0,0.0,7.893005305243768e-5,33311.90470370858,-0.0,-1.0721491861477762e6,1.2826641621297877e6,24290.959149473318,-577131.1589660565,0.0,0.0,0.0,9.07961505370048e-5,-34001.47009175126,-0.0,-676936.9643427503,378771.0537632913,33516.79948297119,-154195.5540967256,0.0,0.0,0.0,0.00010281741534681701,689.5653880426853,-0.0,-254078.794186287
t16,1.436095489700771e6,0.41936281376840717,-386564.9252935226,0.0,0.0,0.0,7.880678480850734e-5,33311.90468051913,-0.0,-1.08784262334482e6,1.2200306684337133e6,35464.9482592686,-514393.6136480001,0.0,0.0,0.0,9.015715637332076e-5,-33890.819055471315,-0.0,-688324.417830569,370458.42272511584,25733.24548652756,-138887.89241734918,0.0,0.0,0.0,0.0001025008183850672,578.9143749521827,-0.0,-253179.74427619352
t17,1.2900352735600285e6,0.44668743540368916,-230950.1136843875,0.0,0.0,0.0,9.294499698425185e-5,33311.90262881166,-0.0,-1.0973966499460973e6,1.0411392789266633e6,57446.09360846718,-351520.5747897905,0.0,0.0,0.0,8.933304598665449e-5,-33906.31930375571,-0.0,-694272.0050025507,298668.72422988754,44959.81461136679,-87032.84702726442,0.0,0.0,0.0,0.00010134012322148715,594.4166749440519,-0.0,-252487.23285895935
t18,944450.4825778815,106911.80408189482,-0.382120605310232,0.0,0.0,0.0,9.259361971992331e-5,33311.92007813304,-0.0,-1.0896763986070387e6,595384.2155892967,202568.27023934157,-59296.86852778913,0.0,0.0,0.0,8.863331531399838e-5,-33537.66187152338,-0.0,-686233.091446925,182012.34166366723,109988.87895434472,-38790.89802073677,0.0,0.0,0.0,9.95190031932457e-5,225.7417933903398,-0.0,-248733.09201816353
t19,386289.572170241,639882.8891206153,-0.42365578014684635,0.0,0.0,0.0,8.11024025126894e-5,33311.91757558393,-0.0,-1.0644864199266557e6,150167.14206043052,590553.9378410731,-21327.40973481678,0.0,0.0,0.0,8.960088723538295e-5,-33223.623121200275,-0.0,-667284.2237800929,77009.84869009678,191595.26696805673,-21191.912844724662,0.0,0.0,0.0,9.895616640332919e-5,-88.2944543836602,-0.0,-242621.98249414965
t20,256889.8089869419,733871.9606099373,-0.4618207824984179,0.0,0.0,0.0,8.019328287193956e-5,33311.91973691659,-0.0,-1.029075587276916e6,94296.74017369768,621576.8661320852,-14802.986059171786,0.0,0.0,0.0,9.094596164895859e-5,-32773.16300031779,-0.0,-649411.2407846153,71651.26633010533,193865.40704479138,-20520.255463811594,0.0,0.0,0.0,9.875295998798241e-5,-538.7567365987979,-0.0,-239754.74224033798
t21,274786.82971116423,681116.0839132803,-0.48908768946905734,0.0,0.0,0.0,8.052788050191558e-5,33311.91892891354,-0.0,-994216.61175938,103588.14589518351,609720.9891232715,-17561.35095528238,0.0,0.0,0.0,9.063288309870886e-5,-33180.39090096319,-0.0,-643681.248265267,67755.05303133711,195996.97708302684,-19946.480531286543,0.0,0.0,0.0,9.819481195092677e-5,-131.52802795035313,-0.0,-238971.1108997835
t22,290855.75867527386,622197.8408511538,-0.46066756080342497,0.0,0.0,0.0,8.1201830728489e-5,33311.917649715615,-0.0,-951367.2048484775,112720.96245436829,570130.9361744102,-25074.29908447332,0.0,0.0,0.0,9.247779508208738e-5,-33470.56341833374,-0.0,-605420.8551772138,69889.40861607416,185776.9294772557,-22338.151037944663,0.0,0.0,0.0,9.863511415641542e-5,158.64576861812384,-0.0,-228783.90347257548
t23,292775.1250633924,545179.9752085303,-0.43266468991069557,0.0,0.0,0.0,8.30883581501791e-5,33311.91786399583,-0.0,-876268.6467744191,119731.22140412618,517178.9179321693,-32542.083414803277,0.0,0.0,0.0,9.47585585879382e-5,-33661.63926241403,-0.0,-551820.0390785004,60789.537575858856,176240.26051516412,-24060.554522337432,0.0,0.0,0.0,9.828120353466622e-5,349.72139841819444,-0.0,-208616.02711101872
t24,298100.091444433,456082.0287168885,-0.4222926889066644,0.0,0.0,0.0,8.519435026904457e-5,33311.917918689,-0.0,-792495.5844035333,122367.88707972999,469503.3358082516,-37395.86797172216,0.0,0.0,0.0,9.630110157534503e-5,-33622.27545370433,-0.0,-501966.68644180795,61639.17665343368,158923.46656568378,-26920.045490794444,0.0,0.0,0.0,9.854260183232991e-5,310.3575350153278,-0.0,-189250.00607468048
t25,306939.99465668626,378794.7059141841,-0.4267287889097831,0.0,0.0,0.0,8.871696210102834e-5,33311.917856903994,-0.0,-724048.0544748887,123868.15737701379,438434.75225992425,-39810.79470117671,0.0,0.0,0.0,9.804484109707702e-5,-33498.67084730272,-0.0,-470107.20271872287,68345.17270010649,142010.71679426273,-29789.907678273867,0.0,0.0,0.0,9.975081547046348e-5,186.75299039872334,-0.0,-176049.7665163483
t26,303458.2776218675,335184.7536904016,-0.4495445819943029,0.0,0.0,0.0,9.075527848523492e-5,33311.917676333265,-0.0,-676956.2458601699,123630.36373505689,421810.9633909761,-40872.00587366858,0.0,0.0,0.0,9.907569919442635e-5,-33418.79607214748,-0.0,-452264.44120277767,66022.16565813578,136280.5214046127,-30744.518015054586,0.0,0.0,0.0,9.915748163157001e-5,106.87839581421213,-0.0,-166962.07283053838
t27,302775.4005703159,305176.4913184249,-0.46080947637835745,0.0,0.0,0.0,9.162098176886058e-5,33311.917559382855,-0.0,-646264.9413931309,118815.47265164726,416079.1093760062,-41070.81974701917,0.0,0.0,0.0,9.883668625450688e-5,-33347.64095591874,-0.0,-441590.2146319243,63459.57806123309,134514.41493816263,-30681.97582556766,0.0,0.0,0.0,9.844340249158586e-5,35.723396535882785,-0.0,-162624.76448049274
t28,300911.6511300548,290674.474708682,-0.46006738678353315,0.0,0.0,0.0,9.249961390772886e-5,33311.91754319145,-0.0,-629898.9283162139,117443.302504098,418162.85903593904,-40009.928145865175,0.0,0.0,0.0,9.926317236816494e-5,-33246.62858593445,-0.0,-443463.9463629348,67920.40638736333,129837.34873286646,-30668.449149982265,0.0,0.0,0.0,9.919918466421451e-5,-65.28895725699476,-0.0,-162321.03140275847
t29,309668.8958541741,285056.3965563119,-0.4254202069436615,0.0,0.0,0.0,9.234715119420877e-5,33311.91868171297,-0.0,-633037.6157556226,225554.8680388525,326652.5822007334,-40358.93007758864,0.0,0.0,0.0,9.960624239759011e-5,-32031.324004028946,-0.0,-460931.9615326779,163754.44736997195,73140.36402860022,-64410.93136755995,0.0,0.0,0.0,0.00010107170739465004,-1280.5946776840192,-0.0,-166500.39855238228
t30,614978.2491611068,3174.051414452039,-0.13286464433273035,0.0,0.0,0.0,9.132902229016049e-5,33311.90797928007,-0.0,-656462.8013153124,704027.0055222297,43592.234313215384,-205448.3779727289,0.0,0.0,0.0,9.935672364540517e-5,-32717.551066573098,-0.0,-490567.1443621763,341437.53753963165,27088.580070932818,-183722.40749110575,0.0,0.0,0.0,0.00010264720585003055,-594.3569127069732,-0.0,-179506.2489409645
t31,1.102923244229476e6,0.13989140757041624,-423571.4969289286,0.0,0.0,0.0,9.007575970625294e-5,16009.79726634426,-0.0,-691810.4003353205,1.1240028226947994e6,23810.17095046218,-577941.0199352811,0.0,0.0,0.0,9.786370111927674e-5,-15402.452568731525,-0.0,-535518.573018709,406357.25437243533,16271.886912541728,-215968.02706561855,0.0,0.0,0.0,0.00010193498383933767,-607.3446976127343,-0.0,-201350.73189161453
t32,1.4027370251351502e6,22414.806438171734,-706437.7821835831,0.0,0.0,0.0,8.880765989869857e-5,16525.24267531964,-0.0,-731687.8266488342,1.2223850372713862e6,14890.488494297806,-624736.3681026226,0.0,0.0,0.0,9.614920115046502e-5,-16980.49496483161,-0.0,-576607.6965909974,424906.0558013456,16917.97424127032,-215122.1257915176,0.0,0.0,0.0,0.00010183411732588547,455.25228951196914,-0.0,-222454.1061325929
t33,1.5280919771517073e6,10565.566415571884,-762731.0313852372,0.0,0.0,0.0,8.676377392045034e-5,7996.886718596041,-0.0,-780371.9730304325,1.2547065149309516e6,13238.377327661981,-628187.399578636,0.0,0.0,0.0,9.412755088851276e-5,-8676.477631462372,-0.0,-612130.0236334127,435302.63268313446,18037.742566961613,-212453.69985468607,0.0,0.0,0.0,0.00010186247250552015,679.5909128663316,-0.0,-236863.20334030755
t34,1.587201432494905e6,9727.287623302836,-765948.0695826368,0.0,0.0,0.0,8.438775889568032e-5,5633.557253900792,-0.0,-833062.8321323016,1.2854053150086396e6,13041.694066832568,-628174.3567937226,0.0,0.0,0.0,9.27899911790297e-5,-6153.507896426636,-0.0,-645168.1450582625,449337.02069414564,17289.813751551508,-216006.84874157485,0.0,0.0,0.0,0.00010243756671538893,519.9506425258442,-0.0,-246436.8699504923
t35,1.63657009844844e6,10751.429431425287,-762840.3775385922,0.0,0.0,0.0,8.271006206569967e-5,6410.577468403266,-0.0,-887340.2804892565,1.3093507689151063e6,13456.406672934694,-625924.344180392,0.0,0.0,0.0,9.161151941252502e-5,-6894.111698197923,-0.0,-671037.7315380204,456856.6414650211,17262.241000504247,-215899.54285663503,0.0,0.0,0.0,0.00010265101939067811,483.5342297946572,-0.0,-253999.8235860761
t36,1.6750017611170202e6,12577.696008650366,-754510.7988058913,0.0,0.0,0.0,8.128017245293001e-5,9226.320966969219,-0.0,-938743.472949317,1.327673228587921e6,14144.367541780453,-622439.8453068912,0.0,0.0,0.0,9.036881065846966e-5,-9805.531024727363,-0.0,-690621.2502750334,457094.69839288667,18181.41151997302,-212286.65176509088,0.0,0.0,0.0,0.00010251223316089266,579.2100577581441,-0.0,-258865.62749137942
t37,1.7050693740662364e6,15459.832050322137,-739894.9874070826,0.0,0.0,0.0,8.03265529585594e-5,11051.995132895954,-0.0,-988134.6862815514,1.3461777372073769e6,15871.302087919426,-614419.143801064,0.0,0.0,0.0,8.961293314334922e-5,-11595.763694590725,-0.0,-717083.177753627,456076.94363456534,19014.73976218952,-207893.49705810146,0.0,0.0,0.0,0.00010297401624777231,543.768561694771,-0.0,-263038.91997944855
t38,1.695911120472312e6,23019.842894449175,-691563.169201588,0.0,0.0,0.0,7.946901238092352e-5,13577.365302462713,-0.0,-1.0373936838425285e6,1.35478014945235e6,19290.021787748767,-599410.9507982128,0.0,0.0,0.0,8.8648430933427e-5,-14429.775840079765,-0.0,-741278.4942672884,432387.43833120604,23131.91658233473,-184742.03982698856,0.0,0.0,0.0,0.00010319215945887462,852.4105376170519,-0.0,-266926.7033744474
t39,1.6867297708064632e6,29183.843759817697,-645132.2651675981,0.0,0.0,0.0,7.850299886508366e-5,13835.208094329413,-0.0,-1.081065127939943e6,1.3585474343791523e6,23117.78484589687,-583018.0635200494,0.0,0.0,0.0,8.698629576225457e-5,-14433.947793831769,-0.0,-765262.2604242229,405705.0577725682,28553.62332059874,-160925.53304548832,0.0,0.0,0.0,0.00010267604828459184,598.7396995023555,-0.0,-269229.0001036733
t40,1.6102787229496315e6,39931.25234566327,-542452.646405187,0.0,0.0,0.0,9.227048406041324e-5,14557.903207444,-0.0,-1.1187638682836106e6,1.330427641008235e6,31527.381278445682,-542791.2298399027,0.0,0.0,0.0,8.619628181854213e-5,-15608.842371380078,-0.0,-784604.0073249765,395634.5153822247,29659.87467307955,-150815.67837773258,0.0,0.0,0.0,0.00010208767490931184,1050.9391639360783,-0.0,-270826.6360925557
t41,1.3755249952886691e6,55196.24759360469,-297693.9265500569,0.0,0.0,0.0,9.005962777623247e-5,13931.838794871586,-0.0,-1.1434077383435837e6,1.156656004189714e6,54209.70484525698,-381841.4880943571,0.0,0.0,0.0,8.559067803642079e-5,-16167.104773611136,-0.0,-793906.1787250576,327904.7479555241,38291.843665334854,-92356.43468597795,0.0,0.0,0.0,0.00010096111816353049,2235.2659787395496,-0.0,-271373.3556324774
t42,1.1100824408576086e6,72513.01064891726,-2.5174202547842777,0.0,0.0,0.0,9.022133585170052e-5,-33311.885818125724,-0.0,-1.1457301371082743e6,779874.7948087872,1.3357779804921843,-1.2500482961196933,0.0,0.0,0.0,8.46197076535573e-5,21822.029050719393,-0.0,-788629.5083986958,202622.3602998544,56984.839114330905,-0.43377599051888266,0.0,0.0,0.0,9.890056128010783e-5,11489.856767406329,-0.0,-268123.4117007205
t43,472902.7863222664,686049.1886231026,-2.7149814048711183,0.0,0.0,0.0,9.080004504058087e-5,-33311.85324922194,-0.0,-1.1220865081004205e6,241503.02600545084,501033.58122207236,-0.5172648036694497,0.0,0.0,0.0,8.560221430681517e-5,31182.14186192005,-0.0,-769130.6098043736,90080.54177906709,172629.93231309613,-0.42463121135232257,0.0,0.0,0.0,9.906580674963572e-5,2129.711387301888,-0.0,-261866.51029939417
t44,305844.91635662643,805139.2838154522,-0.09144095571351986,0.0,0.0,0.0,8.119335168181078e-5,-31640.064490432876,-0.0,-1.0757937426250384e6,153352.29306248657,566907.9397268682,-0.5066745991199756,0.0,0.0,0.0,8.712405352291676e-5,29583.533701484852,-0.0,-745255.6409737559,78712.31614050985,176970.05448644556,-0.4258235067636105,0.0,0.0,0.0,9.940551411429161e-5,2056.5307889480246,-0.0,-254765.23094196653
t45,312980.0315930565,750110.0295071856,-3.0451274866181595,0.0,0.0,0.0,8.031599141181003e-5,-33311.8594009872,-0.0,-1.0262243254271967e6,161545.6518755331,540403.6625041126,-0.5101171720372151,0.0,0.0,0.0,8.780719218764759e-5,31103.408865851587,-0.0,-728464.5869455391,71674.96260516567,180708.8121462285,-0.42758471274773235,0.0,0.0,0.0,9.906957977235176e-5,2208.4505351356165,-0.0,-251618.55625663928
t46,318473.3399759096,692351.242298863,-2.9313406101577364,0.0,0.0,0.0,8.093547560710087e-5,-33311.86365603404,-0.0,-973958.8561980679,153902.90096548665,503421.99242740945,-0.5162650270974707,0.0,0.0,0.0,8.941665649760873e-5,31066.53394543621,-0.0,-683803.2844925178,67596.83429021217,174496.03779591992,-0.43172268220257004,0.0,0.0,0.0,9.937820873986949e-5,2245.329710597827,-0.0,-241364.5275523297
t47,331769.5114970631,596615.5783141111,-2.814330041217019,0.0,0.0,0.0,8.302610980545378e-5,-33311.86470279451,-0.0,-891519.448563341,144484.6867677681,449894.2006191841,-0.5231109220968985,0.0,0.0,0.0,9.205232018868274e-5,31079.33575510713,-0.0,-620870.0755141907,62262.5702147894,159067.76721745645,-0.4352910609085193,0.0,0.0,0.0,9.908876284437503e-5,2232.5289476873804,-0.0,-220589.18503530437
t48,349034.94060108514,487701.57294818625,-2.7294965322887705,0.0,0.0,0.0,8.594068018835964e-5,-33311.86498500874,-0.0,-799870.9250349645,135880.97223344847,403380.28055183863,-0.5201476800697598,0.0,0.0,0.0,9.426664982629977e-5,31127.387715223784,-0.0,-565800.4955102013,64401.041435796215,137070.68770236394,-0.43754679146020375,0.0,0.0,0.0,9.876815970461212e-5,2184.4772697849567,-0.0,-200682.5191205991
t49,360297.6548531639,403323.5953377611,-2.7905215966539645,0.0,0.0,0.0,8.870043805734168e-5,-33311.86560536979,-0.0,-726755.6035297633,126708.50717352351,374421.45033826464,-0.5165265257608961,0.0,0.0,0.0,9.679990341128039e-5,31179.611247930803,-0.0,-527721.4312993427,61793.21215953633,125400.61489943086,-0.4372700148280261,0.0,0.0,0.0,9.928472157680664e-5,2132.2543574389892,-0.0,-186352.39251309537
t50,369053.8174109352,343710.4577199152,-2.929739721188292,0.0,0.0,0.0,9.065446470824961e-5,-33311.866233967085,-0.0,-675898.5196901128,130992.88017858828,344674.4242911838,-0.5103119849231661,0.0,0.0,0.0,9.789458236785843e-5,31244.120976396778,-0.0,-502323.2999002906,64655.243240796815,113321.01180134593,-0.43670630728465526,0.0,0.0,0.0,9.949141999145214e-5,2067.7452575703082,-0.0,-177070.30965753552
t51,372983.6438591641,306904.91939734935,-2.9753367504117545,0.0,0.0,0.0,9.168221248684288e-5,-33311.86685229579,-0.0,-643022.780741434,142971.5932899306,318391.3048187868,-0.5039221211140164,0.0,0.0,0.0,9.791356176349482e-5,31277.93116788861,-0.0,-488052.71726507833,61181.45257175101,111640.85078089347,-0.43470436714025934,0.0,0.0,0.0,9.866562199467344e-5,2033.9356844071772,-0.0,-171882.54868983387
t52,372800.26913372497,287917.0080258191,-2.9742353712883953,0.0,0.0,0.0,9.30041276824873e-5,-33311.867292725554,-0.0,-623851.4939091479,146425.0515537099,312696.14630596066,-0.5021119672254323,0.0,0.0,0.0,9.824267564349731e-5,31349.718095437485,-0.0,-485882.81503465003,69012.95031272253,102350.32896401279,-0.4353216067028025,0.0,0.0,0.0,9.921599814648619e-5,1962.1491972880685,-0.0,-170351.73397805306
t53,377631.39994706505,283419.19067104836,-2.8885203623735887,0.0,0.0,0.0,9.381634461653748e-5,-33311.86552853977,-0.0,-624184.9075931876,248273.23812454732,227007.84142131158,-0.47577247878840956,0.0,0.0,0.0,9.83291874869512e-5,32482.52913722257,-0.0,-503175.5456231051,150383.1776542804,26049.429443291792,-0.5029281766595224,0.0,0.0,0.0,0.0001002597071229341,829.3363913171979,-0.0,-174288.11466548944
t54,626877.4819351365,58768.84444066544,-0.8226456881812837,0.0,0.0,0.0,9.273198815917068e-5,-33311.8282600301,-0.0,-648782.7895588104,583644.1629378144,0.5506968066799965,-75983.98197472244,0.0,0.0,0.0,9.718690764672281e-5,32333.10630507987,-0.0,-535403.7313964857,225682.42298583855,0.4400345329380164,-35980.07405992856,0.0,0.0,0.0,9.970275641892008e-5,978.7219549502333,-0.0,-187044.90393032954
t55,1.162128924764977e6,0.8859781999212308,-439181.70015318587,0.0,0.0,0.0,9.053379339003479e-5,-33311.87845732008,-0.0,-686084.8825887067,868641.835792776,0.5152905286713683,-310745.922034258,0.0,0.0,0.0,9.473844433527094e-5,32452.774449628305,-0.0,-585758.7605934164,292316.886712354,0.43728930867377996,-79862.87463872261,0.0,0.0,0.0,9.990653676460886e-5,859.104007691778,-0.0,-209673.01822153403
t56,1.5191947836287287e6,11672.249215912729,-757797.5888703095,0.0,0.0,0.0,8.827329919760379e-5,-33311.879320541615,-0.0,-736206.1569187522,1.1980844272713312e6,0.48498690183553417,-588020.4576125686,0.0,0.0,0.0,9.251240268062364e-5,32229.610777484068,-0.0,-637703.4396137529,349171.0588355778,0.43807431764362237,-113660.89419397218,0.0,0.0,0.0,0.00010047574614436707,1082.2685430575475,-0.0,-232951.12129908992
t57,1.6094066496884269e6,6843.518706857026,-778389.2079960956,0.0,0.0,0.0,8.571803700280378e-5,-33311.88068627419,-0.0,-800997.633346547,1.288316657598551e6,0.4525552999228781,-626453.4386489291,0.0,0.0,0.0,8.978396511856271e-5,32043.328399148704,-0.0,-689315.6823592326,385043.30030986125,0.44259267269754976,-131185.30783146905,0.0,0.0,0.0,0.00010001769496643401,1268.552287125487,-0.0,-251484.9137024362
t58,1.6824187432364563e6,6783.112645415352,-778495.7563767399,0.0,0.0,0.0,8.351072248092989e-5,-33311.878673151965,-0.0,-873842.7747974402,1.3429783310574277e6,0.43129616254145925,-627326.1361787312,0.0,0.0,0.0,8.761702810219204e-5,31794.67942437892,-0.0,-742856.0554988811,394203.3823322466,0.4452044834889109,-126719.24377443135,0.0,0.0,0.0,0.00010050005374022206,1517.1992487730477,-0.0,-265359.4406933385
t59,1.7556605294744251e6,7436.963079109851,-775784.1573840098,0.0,0.0,0.0,8.10271366053287e-5,-32262.437628665688,-0.0,-951499.4206197346,1.4666107274613888e6,0.06374317300165258,-677832.4613631339,0.0,0.0,0.0,8.576374467657877e-5,20772.53054344611,-0.0,-790599.9488642102,423464.4745656873,0.44659156226028746,-154319.68009858194,0.0,0.0,0.0,0.00010072218339545144,11489.907085219575,-0.0,-276992.41757056175
t60,1.7959523331201042e6,13515.129764732315,-745760.7845539592,0.0,0.0,0.0,7.929691380850995e-5,-29533.220147559365,-0.0,-1.0306219369494452e6,1.5121879806286073e6,0.06230918800786523,-677832.4693320082,0.0,0.0,0.0,8.390002628643324e-5,18043.31312262202,-0.0,-833447.9625452858,491128.920874126,0.4459395263421688,-213132.53771422378,0.0,0.0,0.0,0.00010026004372064717,11489.907024937345,-0.0,-285843.1994557389
t61,1.7888701078289202e6,22415.041836421184,-673786.1091046368,0.0,0.0,0.0,9.269418853340145e-5,-32475.309329168358,-0.0,-1.1014723448078935e6,1.5491562734000147e6,0.0693080259088603,-677832.407420764,0.0,0.0,0.0,8.234166215680282e-5,20985.40369629576,-0.0,-873358.4484158097,538407.9622110646,0.4424554944712603,-251863.60499147093,0.0,0.0,0.0,0.00010136326875264114,11489.905632872598,-0.0,-294390.24826318177
t62,1.8058408103071763e6,25623.03588259009,-632027.2948514955,0.0,0.0,0.0,8.987003127451509e-5,-33311.868364167385,-0.0,-1.162573276664076e6,1.4731601821599938e6,0.45798909438044844,-594624.7416169568,0.0,0.0,0.0,8.138000962309298e-5,32629.775925212205,-0.0,-906577.8987178539,528470.1930453985,0.4391558824558768,-223840.3348869563,0.0,0.0,0.0,0.0001003202558716242,682.0924389551801,-0.0,-301667.69280569535
t63,1.8206521389599314e6,27558.401322636397,-600279.5301545383,0.0,0.0,0.0,8.848264024257643e-5,-33311.871165406934,-0.0,-1.2110677221564793e6,1.2784074247210985e6,0.4967582774713266,-376873.24552511796,0.0,0.0,0.0,8.058084642702621e-5,32733.874955589417,-0.0,-929673.153376535,500211.9311308742,0.43575341634585046,-189950.66904055278,0.0,0.0,0.0,9.937144615254927e-5,577.9962098175165,-0.0,-307195.6348204594
t64,1.7762390895156316e6,31212.078965547127,-527638.8846935729,0.0,0.0,0.0,8.800954393385101e-5,-33311.87380773177,-0.0,-1.2429489685648324e6,1.0520344935867335e6,0.544063680489223,-133006.54764079666,0.0,0.0,0.0,8.017818728806553e-5,33123.29628089203,-0.0,-947564.2692597321,485331.49966368667,0.43302624972665615,-169943.42981509012,0.0,0.0,0.0,9.984276598427499e-5,188.57752683974104,-0.0,-311933.8708331143
t65,1.59916606814019e6,40521.35430913555,-341991.49223714543,0.0,0.0,0.0,8.745458839658855e-5,-33311.96893570566,-0.0,-1.2608325887553098e6,855825.36131819,58656.551154349625,-0.1885992227820086,0.0,0.0,0.0,8.032900797344133e-5,44801.95155893156,-0.0,-954696.538429385,455361.7537599674,0.42716556698071645,-125102.82732064695,0.0,0.0,0.0,9.868554287249905e-5,-11489.9826232259,-0.0,-315129.142810879
t66,1.2812213377865427e6,11215.960437207179,-1.8302828506013726,0.0,0.0,0.0,8.806776296471389e-5,-33311.97381394266,-0.0,-1.255572700463993e6,503117.4272237328,399124.8835488014,-0.17776353933632075,0.0,0.0,0.0,8.037518295615652e-5,44801.856725297075,-0.0,-942456.8392187519,282771.9283654411,44657.00120265352,-0.24916016136461647,0.0,0.0,0.0,9.873467622067553e-5,-11489.88291135441,-0.0,-312966.5632974109
t67,557702.2245859874,706245.5040153811,-1.9048510326871058,0.0,0.0,0.0,8.897444675330284e-5,-33311.97393385756,-0.0,-1.227083076013975e6,242866.74727842212,635724.2172591751,-0.1944547393733961,0.0,0.0,0.0,8.114787748890582e-5,44801.873073712835,-0.0,-918805.5093366741,106865.38252911597,213899.8365699,-0.17591145909923772,0.0,0.0,0.0,9.893487347552967e-5,-11489.899139855273,-0.0,-306302.6595719206
t68,373919.678083476,805139.5153664598,-0.020237643715037636,0.0,0.0,0.0,9.020340990734371e-5,-3565.663436138366,-0.0,-1.1798015665100613e6,205336.51293666675,673867.2394324668,-0.16912646757885363,0.0,0.0,0.0,8.254787045859773e-5,15055.562863388905,-0.0,-889672.0030674139,79044.86022499266,232255.94351290478,-0.19101376934516956,0.0,0.0,0.0,9.873338813956913e-5,-11489.899427250539,-0.0,-296838.33686972014
t69,386769.0349099407,776882.7573428069,-1.9568991491187866,0.0,0.0,0.0,9.0620270198496e-5,-33311.973864500294,-0.0,-1.1294733457554393e6,216157.01110413054,613819.6711486757,-0.1694673991636891,0.0,0.0,0.0,8.293665179099659e-5,44801.873971496156,-0.0,-870191.2373608112,88924.9537202622,217455.36665942788,-0.1975953789786647,0.0,0.0,0.0,9.84460493295256e-5,-11489.900106995861,-0.0,-291917.8610104247
t70,399477.8650775779,713547.4313758669,-2.2457525681551447,0.0,0.0,0.0,8.035756779023661e-5,-33311.975116255635,-0.0,-1.0788462023875404e6,215207.4185747823,564099.9260762082,-0.1618963708611586,0.0,0.0,0.0,8.463421776184003e-5,44801.875978710195,-0.0,-819521.9047767433,90616.20338867047,203608.73439024616,-0.20646040080331388,0.0,0.0,0.0,9.853027652828225e-5,-11489.90086245456,-0.0,-279762.46323949844
t71,417886.22746943275,606186.450504559,-2.0433909497735883,0.0,0.0,0.0,8.036931212319967e-5,-33311.975311795,-0.0,-989893.7308904508,211122.74281000122,497665.80316276447,-0.16193057373187286,0.0,0.0,0.0,8.7150059487126e-5,44801.876839157354,-0.0,-749003.104435777,91016.24723279,179566.12163933067,-0.19974641850149957,0.0,0.0,0.0,9.853742282539454e-5,-11489.901527362354,-0.0,-256119.88046866143
t72,427596.6901423167,502171.5094889394,-1.8366946294230904,0.0,0.0,0.0,8.267542094108315e-5,-33311.97605184524,-0.0,-895589.3949133436,213940.93796947674,434096.3994833068,-0.18063729354283947,0.0,0.0,0.0,8.895566735220772e-5,44801.878707981545,-0.0,-688251.8862796911,84422.3752946335,162572.07346061198,-0.18138570943030238,0.0,0.0,0.0,9.828192221559861e-5,-11489.902656136306,-0.0,-232531.9696518166
t73,431408.5065326167,418030.04335458914,-1.8369300581708337,0.0,0.0,0.0,8.50736641967364e-5,-33311.97687956219,-0.0,-815259.6911069374,219526.55593458324,383033.48039427167,-0.16055643155511223,0.0,0.0,0.0,9.082724520419576e-5,44801.88028213651,-0.0,-642774.6038792942,86140.44987904557,143468.33759909868,-0.18937798396304062,0.0,0.0,0.0,9.830420156155091e-5,-11489.903402574315,-0.0,-215146.2882823059
t74,436146.452963848,355100.04586753296,-1.9265116039217296,0.0,0.0,0.0,8.705203124622737e-5,-33311.97676523686,-0.0,-757067.5062184122,222460.3851473098,350476.53853905894,-0.12842873910497185,0.0,0.0,0.0,9.222012512665988e-5,44801.88006903386,-0.0,-613151.5096416088,90533.65994176951,127879.53366842389,-0.2059877228429358,0.0,0.0,0.0,9.815071775532866e-5,-11489.903303797,-0.0,-203950.68703702005
t75,444773.01488932857,305917.89271228464,-2.0591976743500755,0.0,0.0,0.0,8.852856339369471e-5,-33311.975146516445,-0.0,-716511.7555132314,222466.40772809595,330185.85963135667,-0.12341302249235657,0.0,0.0,0.0,9.268857298423175e-5,44801.87785140458,-0.0,-592866.8525794434,93511.93878397506,118535.03172654231,-0.23861754517234163,0.0,0.0,0.0,9.790180157422137e-5,-11489.902704888133,-0.0,-197584.44172770935
t76,449521.74594361207,277818.80752646714,-2.1250440928093304,0.0,0.0,0.0,9.02945656849489e-5,-33311.973515548496,-0.0,-693161.3006068609,222579.05397247753,321883.2584030363,-0.1816687148802821,0.0,0.0,0.0,9.320546584946977e-5,44801.87794573175,-0.0,-584676.8316261555,104773.21795350812,105098.96316043338,-0.21805156304771575,0.0,0.0,0.0,9.80987095598809e-5,-11489.904430183253,-0.0,-195409.71289113184
t77,458523.0717809146,265598.2670003898,-2.03671956790981,0.0,0.0,0.0,9.064883574556255e-5,-33311.97679826291,-0.0,-689942.1340023391,312066.4459822512,244061.189010577,-0.07669168710923192,0.0,0.0,0.0,9.347968265947875e-5,44801.94298935789,-0.0,-596342.3227256726,228773.72470863396,0.19881522996921805,-15700.517469866192,0.0,0.0,0.0,9.783646740157315e-5,-11489.966191094984,-0.0,-198611.05953045125
t78,710582.7611994618,30661.973705526434,-0.5815694382192743,0.0,0.0,0.0,8.99248495826344e-5,-33311.945839098786,-0.0,-707066.9506360362,584030.6700209802,0.0682145439382317,-2306.1364855655534,0.0,0.0,0.0,9.202012793349022e-5,44240.43771789204,-0.0,-621377.7963703355,424464.6965752737,0.18470308688461645,-200052.56004999075,0.0,0.0,0.0,9.775286781592763e-5,-10928.491878793251,-0.0,-210511.32151608067
t79,1.18114938926848e6,0.6162773000405135,-403939.31566200714,0.0,0.0,0.0,8.834869086055156e-5,-33311.9530118993,-0.0,-742966.406788248,775276.0329985614,0.19804604856438687,-148527.02529440855,0.0,0.0,0.0,9.029590153582927e-5,44801.91956782608,-0.0,-666963.8760970492,530870.0923643804,0.024287463750686262,-282748.4449709027,0.0,0.0,0.0,9.829653685167665e-5,-11489.966555926781,-0.0,-231930.5781579027
t80,1.425603599231057e6,19436.878307136296,-616289.5386689415,0.0,0.0,0.0,8.570892841043914e-5,-33311.953119276775,-0.0,-794507.5635313594,935194.6732357441,0.19953201285173375,-252741.40394507325,0.0,0.0,0.0,8.829123922517094e-5,44801.90663629003,-0.0,-722668.1071712195,554598.9746482895,0.0368824349387287,-282748.4019714703,0.0,0.0,0.0,9.898037115328305e-5,-11489.953517013251,-0.0,-255658.20619050533
t81,1.60865895840544e6,14327.611229964046,-719970.3923037227,0.0,0.0,0.0,8.302635935530544e-5,-33311.954472088575,-0.0,-868772.5873953183,1.1077937074538996e6,0.2149133672041406,-367593.0387906136,0.0,0.0,0.0,8.608532776866941e-5,44801.828921839624,-0.0,-780415.310261782,571427.5058587937,0.08718355749937512,-282748.08317438315,0.0,0.0,0.0,9.931225752103583e-5,-11489.874449751052,-0.0,-274216.29724007036
t82,1.7200032056071057e6,12203.09435316419,-739277.3255711006,0.0,0.0,0.0,8.072823895742778e-5,-33311.956565163506,-0.0,-958685.0603619707,1.2613566000758868e6,0.2404799202268121,-463539.0958533816,0.0,0.0,0.0,8.42753944125772e-5,43614.66544445388,-0.0,-836844.8568447307,581198.7613599976,0.28302305672498934,-278369.10390048136,0.0,0.0,0.0,0.00010018507739927594,-10302.708879290376,-0.0,-289554.8176656519
t83,1.8139389914869405e6,12094.031955823664,-740587.1661410779,0.0,0.0,0.0,7.90762130391691e-5,-33311.95661539394,-0.0,-1.0512016091712094e6,1.3378542113519947e6,0.2414668469368624,-475871.7650477791,0.0,0.0,0.0,8.295058357013451e-5,29375.614287314485,-0.0,-886770.741032301,559792.2195086955,0.20059115383755813,-256257.573940485,0.0,0.0,0.0,0.00010023937404515185,3936.342328079454,-0.0,-304498.4850901789
t84,1.916671012742244e6,10186.400802557304,-755937.3224964802,0.0,0.0,0.0,9.140764693855541e-5,-33311.95145407456,-0.0,-1.1366762310330567e6,1.3933628430154554e6,0.22355784971402293,-499941.3583713514,0.0,0.0,0.0,8.181491243681451e-5,29415.135435729877,-0.0,-918249.4341132775,530891.2423289827,0.2057482831199538,-213709.82573289913,0.0,0.0,0.0,0.00010029398832767207,3896.8160183446835,-0.0,-318105.726972675
t85,1.9919534692278968e6,9063.264462870244,-763178.0616563084,0.0,0.0,0.0,8.911414390803195e-5,-33311.938452472794,-0.0,-1.2035946568245536e6,1.4821886874916856e6,0.15109505774814094,-564491.9719746851,0.0,0.0,0.0,8.141171637333436e-5,29335.105295106638,-0.0,-942444.7506269389,484653.74388612335,0.19660897334877558,-154522.28286504353,0.0,0.0,0.0,0.00010085627443874229,3976.8331573661562,-0.0,-331135.876007476
t86,2.0225927383333016e6,11596.84819204801,-742683.2705258823,0.0,0.0,0.0,8.782096167219024e-5,-33311.94509817027,-0.0,-1.257262762931367e6,1.477094242733604e6,0.16133255250833217,-542880.910680741,0.0,0.0,0.0,8.116492602645927e-5,27675.40673758499,-0.0,-957301.6299650803,425453.03977711615,0.1945773080144962,-85263.3422689223,0.0,0.0,0.0,0.00010107150284435431,5636.5383605852785,-0.0,-342853.89814646484
t87,1.9856460949365513e6,16574.3914700693,-676746.7503595981,0.0,0.0,0.0,8.699382468086622e-5,-33311.95034156757,-0.0,-1.2912307191208655e6,1.4787066784962818e6,0.2004089998920788,-535702.4544148865,0.0,0.0,0.0,8.093068319113124e-5,25376.089947248605,-0.0,-963793.2037686456,360876.249883312,0.1941618875171715,-14274.920808390463,0.0,0.0,0.0,0.00010048796674916084,7935.860394318968,-0.0,-351564.96281588427
t88,1.848243598558195e6,21540.114928332165,-523161.31783166225,0.0,0.0,0.0,8.66780436600729e-5,-33311.952726307674,-0.0,-1.312379494010215e6,1.3942596638454963e6,0.23291232399578363,-448142.53213561425,0.0,0.0,0.0,8.100539001149405e-5,21822.09561160807,-0.0,-963351.9701674723,287189.76691170974,60863.21418062118,-0.10479029100668563,0.0,0.0,0.0,0.00010061789486495579,11489.857114699602,-0.0,-356570.4839369453
t89,1.6499713359086039e6,24957.164059477964,-320211.9363210334,0.0,0.0,0.0,8.641314555329782e-5,-33311.94751013338,-0.0,-1.3204733986158697e6,1.2060772814604347e6,0.21398880399687348,-285527.6449480099,0.0,0.0,0.0,8.170252340478601e-5,21822.00578567502,-0.0,-937784.5984830386,204217.72778264078,145700.1293391219,-0.1428413702107415,0.0,0.0,0.0,0.00010022270234487505,11489.941724458358,-0.0,-358435.4050342339
t90,1.338330965391179e6,0.7092114609311064,-0.6444601741245823,0.0,0.0,0.0,8.724308956376864e-5,-33311.85914011141,-0.0,-1.309327034247713e6,820092.6761788045,71595.80363225868,-0.16772709853947199,0.0,0.0,0.0,8.21188019988486e-5,21821.96708582872,-0.0,-908923.0855295704,143326.28562833826,202236.0986901017,-0.1504959272324318,0.0,0.0,0.0,9.899358953137714e-5,11489.892054282687,-0.0,-354079.87269952416
t91,641754.6049505807,648481.329129027,-0.20244421209103408,0.0,0.0,0.0,8.845172198047288e-5,-21181.035279698783,-0.0,-1.2735770394021398e6,342350.6617196139,519805.3882361816,-0.20837476927088655,0.0,0.0,0.0,8.309602899683001e-5,9691.14604585607,-0.0,-867259.7538461657,115603.1431684049,219966.41656464565,-0.14591762503149122,0.0,0.0,0.0,9.943896463226813e-5,11489.889233842712,-0.0,-344087.05444206606
t92,424536.22071097523,792061.017842677,-0.21910130535515232,0.0,0.0,0.0,8.939001568905441e-5,5917.910952000802,-0.0,-1.2270543334550061e6,242450.11978355798,607873.5722020395,-0.21489223302993762,0.0,0.0,0.0,8.44306380219579e-5,-17407.79901042235,-0.0,-828328.4439124926,110154.61399335627,211941.3526712077,-0.1508720011628317,0.0,0.0,0.0,9.953908357226003e-5,11489.888058421546,-0.0,-330613.45511377306
t93,418996.1456988638,773116.3716857122,-0.23393457751962354,0.0,0.0,0.0,9.046176331999087e-5,-15370.501587201416,-0.0,-1.1812904310646525e6,252687.49959456097,541333.1757670762,-0.21799764263137583,0.0,0.0,0.0,8.558237594766483e-5,3880.61412956353,-0.0,-793313.8377262221,114547.79978224813,197421.71811718197,-0.1598066043413645,0.0,0.0,0.0,9.941323463555252e-5,11489.887457637886,-0.0,-320486.99430211185
t94,411613.37932157016,733927.3124983986,-0.24121907510388754,0.0,0.0,0.0,9.065021481526564e-5,-17675.72631928926,-0.0,-1.132422332305653e6,249198.51582158284,472699.27260957344,-0.21920010049389477,0.0,0.0,0.0,8.820285720343252e-5,6185.838546437533,-0.0,-723496.175710408,118700.17335876694,177876.15975169456,-0.16481121362394607,0.0,0.0,0.0,9.988446633464238e-5,11489.887772851727,-0.0,-305093.80192253814
t95,415981.6256117709,652296.3221774596,-0.2839090852523999,0.0,0.0,0.0,8.146034434394382e-5,-20277.914574688406,-0.0,-1.0525640064663375e6,249929.854837201,377861.142579984,-0.21683008848132765,0.0,0.0,0.0,9.211734770837366e-5,8788.02770482443,-0.0,-631991.579982124,123790.77771866426,147818.69615902752,-0.15894654218687648,0.0,0.0,0.0,9.965217397054778e-5,11489.886869863976,-0.0,-280126.9429327796
t96,424328.7629303408,555626.1453647909,-0.18451574411422317,0.0,0.0,0.0,8.116130559436335e-5,-21000.377326006044,-0.0,-963531.0558041348,245425.30636816088,323636.1155457895,-0.21577980047464537,0.0,0.0,0.0,9.441757172157624e-5,9510.49153996473,-0.0,-573984.4721675827,125821.4674459162,119982.85094044168,-0.16124337549726062,0.0,0.0,0.0,9.90906946828692e-5,11489.885786041314,-0.0,-254321.78064847444
t97,435267.006968642,465714.6491891009,-0.19850883098953762,0.0,0.0,0.0,8.336414469523734e-5,-21019.147121927726,-0.0,-884552.252269269,252398.4473443415,272859.31709772756,-0.21618956131807368,0.0,0.0,0.0,9.653863308350319e-5,9529.261632673892,-0.0,-530199.5926210018,119910.53053546404,105136.6661597541,-0.15975012481349105,0.0,0.0,0.0,9.934290869663622e-5,11489.885489253835,-0.0,-233564.66211611318
t98,458709.6182705929,378507.27781581454,-0.1737482915345383,0.0,0.0,0.0,8.549124029435249e-5,-21000.30743437084,-0.0,-820824.250523325,260594.23179930856,235657.64869985654,-0.21104264127267558,0.0,0.0,0.0,9.776621164667258e-5,9510.423049549887,-0.0,-501174.88367805834,122420.24028707806,87482.81954270788,-0.15605306957390908,0.0,0.0,0.0,9.95552341924709e-5,11489.884384820953,-0.0,-218420.53086028155
t99,481891.83491548855,306168.59362310334,-0.1815873568146522,0.0,0.0,0.0,8.701657124397341e-5,-20912.28798437167,-0.0,-771777.9478987181,264593.44351880014,212138.74047950128,-0.20293306810656878,0.0,0.0,0.0,9.799946167247963e-5,9422.407785506844,-0.0,-481567.18775741936,122517.48459301145,77113.31494292287,-0.14697729202317422,0.0,0.0,0.0,9.912938963560131e-5,11489.880198864825,-0.0,-208148.2781713079
t100,499354.4634659994,254693.7126902612,-0.21805599700626377,0.0,0.0,0.0,8.85947196118397e-5,-20576.764523851012,-0.0,-738137.6568814653,266630.00975700514,199134.82866110103,-0.18636039412975214,0.0,0.0,0.0,9.852834867716172e-5,9086.894525025315,-0.0,-470264.3544122915,131015.6977299009,62388.57957077251,-0.14297942962783033,0.0,0.0,0.0,9.987209408221023e-5,11489.869998825698,-0.0,-201921.750077755
t101,516735.87795931095,213907.46361699875,-0.16918880313849594,0.0,0.0,0.0,8.939705260336264e-5,-16429.348951794647,-0.0,-718966.3700491793,418146.9421076834,48066.11484876682,-0.0736533472888009,0.0,0.0,0.0,9.912444204519087e-5,4939.442977524379,-0.0,-466565.2453175224,173692.41338754716,16006.287723948777,-0.12489974341792531,0.0,0.0,0.0,0.00010052849088007031,11489.905974270268,-0.0,-198216.20652939667
t102,669929.589181606,0.22832737650899426,-0.29652681812912224,0.0,0.0,0.0,8.979430690375304e-5,33311.9211310548,-0.0,-707549.8256267145,981960.9456337492,0.056985061731962175,-449902.4813280763,0.0,0.0,0.0,9.975144283446516e-5,-44801.8454691431,-0.0,-468306.00253859017,232642.5625607945,0.09166907428832423,-42105.58665849968,0.0,0.0,0.0,0.00010030359833293351,11489.924338088304,-0.0,-199054.5098239433
t103,876684.4328550545,0.15085782458796904,-194241.2867649096,0.0,0.0,0.0,8.949820369330241e-5,33311.93640847076,-0.0,-714890.675187383,1.2372112671114004e6,0.09705363313342218,-677832.2839427225,0.0,0.0,0.0,9.92414276477165e-5,-44801.88288618511,-0.0,-495626.22003590467,350200.10539580724,0.2603924836016523,-146092.51590214242,0.0,0.0,0.0,0.0001010397622238895,11489.946477714346,-0.0,-212625.30373711133
t104,1.0234666943150945e6,0.32485638166720404,-299088.2984549243,0.0,0.0,0.0,8.750763541574987e-5,33311.928085947446,-0.0,-756826.0687230731,1.282084062551273e6,0.12140621954393366,-677832.2597588015,0.0,0.0,0.0,9.777153980588682e-5,-44801.8734076202,-0.0,-540499.072845653,438195.73741797986,0.2639047071130135,-211569.35608412116,0.0,0.0,0.0,0.00010153851426774066,11489.945321672754,-0.0,-235144.07412033147
t105,1.2592574324976907e6,0.31590077782566567,-452485.60098854906,0.0,0.0,0.0,8.422750336547797e-5,33311.92712645264,-0.0,-839219.4882634495,1.3340469024391624e6,0.11455145110736319,-677832.268483868,0.0,0.0,0.0,9.496258138931002e-5,-44801.87218237561,-0.0,-592461.8847537088,479098.6410516998,0.26709109938666276,-228349.7657138287,0.0,0.0,0.0,0.00010178977628883515,11489.945055922975,-0.0,-259266.55515398868
t106,1.56167946881819e6,0.3040025328998312,-659470.7746882505,0.0,0.0,0.0,8.094413999529697e-5,33311.92812869461,-0.0,-934656.281063933,1.382068848214307e6,0.11224300116821703,-677832.2721129977,0.0,0.0,0.0,9.302669103295414e-5,-44801.87321333433,-0.0,-640483.8157307362,483023.67746881006,0.2686727939502198,-212580.73962967636,0.0,0.0,0.0,0.00010273368366996155,11489.945084639718,-0.0,-278960.6079142799
t107,1.7748076645112443e6,0.40617064608285347,-776824.5171630863,0.0,0.0,0.0,7.9226854459365e-5,33311.92269636526,-0.0,-1.0304322360602502e6,1.4211573007638287e6,0.11233085265861961,-677832.2745379971,0.0,0.0,0.0,9.098610723669855e-5,-44801.867721807765,-0.0,-679572.2773579779,468318.17122316384,0.269366864299156,-184049.2943215989,0.0,0.0,0.0,0.00010324296782024003,11489.945025442501,-0.0,-292786.5376127447
t108,1.8897372549707529e6,0.049469416552055695,-805139.3882641825,0.0,0.0,0.0,9.186681225579441e-5,33311.693084017024,-0.0,-1.117039314745474e6,1.452635759943637e6,0.11367032790569585,-677832.2682237024,0.0,0.0,0.0,8.963709762211033e-5,-44801.63816675566,-0.0,-711050.9704389544,498329.95144872833,0.2660185808174093,-204286.92650497242,0.0,0.0,0.0,0.00010325738856932907,11489.94508273864,-0.0,-302560.6680542342
t109,1.9571511373808444e6,0.39564478521678553,-804932.1541991137,0.0,0.0,0.0,8.945256676859595e-5,33311.93603266186,-0.0,-1.1846648074876068e6,1.4786264505137657e6,0.1150538136405261,-677832.2615358927,0.0,0.0,0.0,8.893507354463158e-5,-44801.88053001062,-0.0,-737041.442836842,521483.9052163385,0.24976031775897037,-220971.30470573818,0.0,0.0,0.0,0.00010402384915076952,11489.944497348757,-0.0,-309030.1826099745
t110,2.005255974622654e6,0.20204955944973835,-805138.0568207664,0.0,0.0,0.0,8.82724532338085e-5,33311.91431754319,-0.0,-1.232561407753456e6,1.5010447362731474e6,0.10576845893279008,-677832.2896642708,0.0,0.0,0.0,8.799698312137397e-5,-44801.856606846704,-0.0,-759459.7363539968,503007.2018102492,0.2611637861296987,-197562.0221069625,0.0,0.0,0.0,0.00010406216627616492,11489.942289303513,-0.0,-313962.80779237935
t111,2.0393271089898166e6,0.044680019494558944,-805139.3689903653,0.0,0.0,0.0,8.762087529106839e-5,32901.806654818974,-0.0,-1.26621894430609e6,1.2938304132722095e6,0.9168916765405472,-454649.1358585636,0.0,0.0,0.0,8.663958170599898e-5,-44391.73091787313,-0.0,-775839.7782605725,477577.39444156154,0.2639692798046594,-169009.85701084184,0.0,0.0,0.0,0.00010351998596093685,11489.924263054158,-0.0,-317085.18383148784
t112,1.9396179270549545e6,0.3096463117038014,-683473.3707664906,0.0,0.0,0.0,8.714178224781699e-5,33311.84996459126,-0.0,-1.2885921522075164e6,1.03037610162886e6,1.1236256068329147,-178811.3058282056,0.0,0.0,0.0,8.563958407217001e-5,-44801.77225416472,-0.0,-787813.5284513202,381774.90877143067,0.26363585757137487,-71470.04770726366,0.0,0.0,0.0,0.00010322080325970692,11489.922289573462,-0.0,-318822.53703612793
t113,1.753542848300949e6,0.34597869673707504,-478543.6766179886,0.0,0.0,0.0,8.704544922307915e-5,23091.52453013508,-0.0,-1.2972264169217874e6,832890.9112283483,0.752772096662408,-0.6134813274396236,0.0,0.0,0.0,8.54670278512737e-5,-34581.396206974896,-0.0,-793718.8055519566,266630.84210727824,43650.30996300989,-0.36325481794193487,0.0,0.0,0.0,0.00010221663304946517,11489.871676839814,-0.0,-318798.2383899092
t114,1.382020880070429e6,0.40932712492850787,-57949.69845011186,0.0,0.0,0.0,8.760710916174245e-5,-33310.03886286417,-0.0,-1.2898970643847066e6,591412.3961518457,179700.3779257909,-0.2889708583232396,0.0,0.0,0.0,8.535107832483555e-5,21820.268992952813,-0.0,-788345.426491091,168316.04625285623,139462.37357676603,-0.2810765997390805,0.0,0.0,0.0,9.996305735856926e-5,11489.769869911355,-0.0,-316295.4778293787
t115,687346.3096792109,539447.7799126947,-0.2140669639141778,0.0,0.0,0.0,8.855586588262609e-5,33311.91262382571,-0.0,-1.2649715172468377e6,248064.01223444878,573091.2887150743,-0.33562231818359295,0.0,0.0,0.0,8.587364371353791e-5,-44801.66225069047,-0.0,-771765.9228196013,112608.2363470767,188718.87719557114,-0.2548677078520031,0.0,0.0,0.0,0.00010005434505893248,11489.749626864757,-0.0,-309844.1872583024
t116,439509.8654703372,743779.2328571251,-0.23159605674809933,0.0,0.0,0.0,8.951805695733417e-5,33311.91240814491,-0.0,-1.2214610314796495e6,160673.77585959077,635512.5147988187,-0.32438913973114036,0.0,0.0,0.0,8.684753777429687e-5,-44801.646241470546,-0.0,-746796.9364299097,107234.5366537065,183990.43490806967,-0.2602471164123934,0.0,0.0,0.0,0.000100094430862313,11489.733833325636,-0.0,-299742.0250928599
t117,430814.0838428588,709388.5119648381,-0.24180518784829144,0.0,0.0,0.0,9.055132152983468e-5,33311.912533067334,-0.0,-1.178370187073408e6,159286.0414645189,617921.1754915458,-0.33399742551768813,0.0,0.0,0.0,8.731209055229652e-5,-44801.65241716714,-0.0,-727817.8472835452,108630.57638179652,176367.86684312488,-0.2659245371008432,0.0,0.0,0.0,9.942519251072883e-5,11489.739884099805,-0.0,-293515.496999307
t118,430669.79706024186,663088.0555230674,-0.23675863052561397,0.0,0.0,0.0,9.064988997908874e-5,33311.91183075817,-0.0,-1.1319222117795935e6,152902.88863584903,587464.3470353306,-0.3329468782500548,0.0,0.0,0.0,8.90379856949699e-5,-44801.65474866947,-0.0,-690977.8637335161,115719.43354924978,159365.16718690644,-0.2713737947038144,0.0,0.0,0.0,9.975270716973022e-5,11489.742917911304,-0.0,-283601.64934205986
t119,417938.27038456895,600309.3672570781,-0.2961204661557726,0.0,0.0,0.0,8.137671390057265e-5,33311.91001474851,-0.0,-1.0564097608563823e6,147753.87484461494,541702.2599876457,-0.33881496096297986,0.0,0.0,0.0,9.094054836410515e-5,-44801.654393293655,-0.0,-640066.7593131887,113495.40020900428,142338.5958257397,-0.2689438912341345,0.0,0.0,0.0,9.920757373144296e-5,11489.744378545149,-0.0,-264351.04687526065
t120,403950.24269461056,529309.4581596558,-0.18963350820212943,0.0,0.0,0.0,8.103642966362113e-5,33311.90966895636,-0.0,-971423.7624970069,146508.4659934321,491885.4509151972,-0.3332843428416344,0.0,0.0,0.0,9.283524063291981e-5,-44801.6532763022,-0.0,-589004.5474951991,109444.46674216584,125018.87422258485,-0.2702055068362964,0.0,0.0,0.0,9.825529118735153e-5,11489.743607345836,-0.0,-242980.3875258761
t121,386928.86869658966,472209.1884563192,-0.22009221497900733,0.0,0.0,0.0,8.31330075326511e-5,33311.90990147588,-0.0,-897302.4514278927,149612.6038420655,450659.93920086755,-0.3349455847555741,0.0,0.0,0.0,9.480822852795262e-5,-44801.65401335062,-0.0,-550883.1732129952,104106.27925544,112710.1704881871,-0.2710282853507579,0.0,0.0,0.0,9.838860274497297e-5,11489.74411187474,-0.0,-225333.49570951395
t122,371979.8916730582,425341.2174007916,-0.18751959541389754,0.0,0.0,0.0,8.494838954711448e-5,33311.909648620196,-0.0,-835488.7041092806,152297.79300448825,419620.95772896457,-0.33663154743461293,0.0,0.0,0.0,9.603324750107972e-5,-44801.65491598019,-0.0,-522529.38111567165,97952.47422731534,106155.77681838894,-0.2669783747696298,0.0,0.0,0.0,9.792830992463869e-5,11489.74526735999,-0.0,-212625.30373711133
t123,361483.26316452224,391404.1333302036,-0.1816941773456058,0.0,0.0,0.0,8.60527437567464e-5,33311.90885246687,-0.0,-791058.456455086,154305.90291941867,395236.8576525303,-0.3347037890797669,0.0,0.0,0.0,9.630929657763208e-5,-44801.653704913966,-0.0,-500153.3976698623,91632.02403963583,103309.5566603093,-0.2632866250761952,0.0,0.0,0.0,9.733342451866519e-5,11489.744852447098,-0.0,-203458.6394510905
t124,362002.1203625876,357469.7947527494,-0.2029363389645359,0.0,0.0,0.0,8.743653217942854e-5,33311.90753709628,-0.0,-757648.1059095849,151527.6867360295,384977.5015278953,-0.31878018411316994,0.0,0.0,0.0,9.684653093292202e-5,-44801.64899281399,-0.0,-487115.8513995731,93526.22631144663,95437.86652154144,-0.2457052585846918,0.0,0.0,0.0,9.757740330407745e-5,11489.741455717713,-0.0,-197481.1724812797
t125,355782.318659321,342753.8084965365,-0.10239228208921691,0.0,0.0,0.0,8.826853336667486e-5,33311.9063675134,-0.0,-736723.5229801933,300219.43697579316,228923.43710927226,-0.09834174505418038,0.0,0.0,0.0,9.742126066508296e-5,-44801.529465603875,-0.0,-479753.89898547373,163485.72513460866,21517.64907814982,-0.08952142238413219,0.0,0.0,0.0,9.861773607517768e-5,11489.623098090471,-0.0,-193520.49314762457
t126,695295.0380885233,0.06352003451919241,-0.8237854800067174,0.0,0.0,0.0,8.850795381794658e-5,30660.579448330158,-0.0,-722403.980101865,899147.8051075911,0.1097449035120751,-385346.12492344406,0.0,0.0,0.0,9.806520126736244e-5,-19171.106407085175,-0.0,-475680.0435445025,245605.87165678345,0.08574569751893665,-36810.352091605426,0.0,0.0,0.0,9.860143635087103e-5,-11489.473041244983,-0.0,-192603.219252867
t127,1.2175320570290855e6,0.3686120498744935,-470429.7148546001,0.0,0.0,0.0,8.870993823863989e-5,-18187.468790256306,-0.0,-725364.4636756664,1.1878278253724792e6,0.2768208204791953,-677831.6159484081,0.0,0.0,0.0,9.76469937321155e-5,12395.736278768936,-0.0,-503441.4946429904,305180.1747465048,11925.89480350565,-115222.23585818888,0.0,0.0,0.0,9.843439880098437e-5,5791.732511487369,-0.0,-202972.66652671565
t128,1.4990156311829265e6,16804.1056218334,-741784.9712572296,0.0,0.0,0.0,8.718365751091507e-5,-4408.600338290682,-0.0,-766075.4241992794,1.2573285344140646e6,0.2985576965407717,-677831.5709814205,0.0,0.0,0.0,9.593242023172521e-5,-3165.7252955140375,-0.0,-557380.7913124671,335584.56318655604,16593.253530071477,-131872.07897555153,0.0,0.0,0.0,9.896089728328184e-5,7574.3256338047195,-0.0,-223176.9908576005
t129,1.6169971350551913e6,10937.40819217221,-763593.1291602944,0.0,0.0,0.0,8.402161151268549e-5,-9407.33105510323,-0.0,-851383.339219107,1.3159045112146323e6,0.2980974129078216,-677831.5539353405,0.0,0.0,0.0,9.271470677845943e-5,2134.411211969449,-0.0,-621256.9104522058,393984.9780201657,12340.906080798366,-162064.11780762122,0.0,0.0,0.0,9.963260900742027e-5,7272.919843133781,-0.0,-246831.7229515469
t130,1.7276791967331292e6,11070.4785106282,-761437.0759660205,0.0,0.0,0.0,8.091288152611374e-5,-19399.641847553412,-0.0,-954362.1794930415,1.3615979773481619e6,0.292765068182233,-677831.5698036667,0.0,0.0,0.0,9.021195465609966e-5,15052.504001481131,-0.0,-679868.4478573957,517886.7749019636,6432.046871538834,-255493.25993784156,0.0,0.0,0.0,0.00010162855294101644,4347.137846072281,-0.0,-268469.6674093376
t131,1.8143356498697198e6,14176.841241863289,-748008.4979583158,0.0,0.0,0.0,7.905034465878576e-5,-30781.53313866031,-0.0,-1.0461716613516442e6,1.3870553501284935e6,0.25735636053703204,-677831.7082238654,0.0,0.0,0.0,8.771784403274997e-5,40216.27744697439,-0.0,-730489.4260742118,562304.9751797061,3887.164772615423,-266435.91689395806,0.0,0.0,0.0,0.00010307452760678795,-9434.744308314075,-0.0,-285618.4369782155
t132,1.847547872975755e6,22477.595020847006,-705098.3197767611,0.0,0.0,0.0,9.158269519466317e-5,-33311.44786427847,-0.0,-1.128064960365961e6,1.4038004201338037e6,3.8521816968321123,-660668.915435063,0.0,0.0,0.0,8.564177596936042e-5,44800.87838868346,-0.0,-768985.546702618,576227.033491074,3796.9325261035788,-264794.1121982786,0.0,0.0,0.0,0.00010360206799741049,-11489.43052440499,-0.0,-299037.3643525164
t133,1.8649424297659157e6,28392.687795962345,-666387.3155641832,0.0,0.0,0.0,8.924919653099532e-5,-33311.399831654824,-0.0,-1.1900856541091497e6,1.40351371266342e6,2.863917449561322,-639419.4432420866,0.0,0.0,0.0,8.490265409143524e-5,44800.713474922464,-0.0,-789947.1649063097,583828.7762809712,4066.480761531277,-263334.8386257456,0.0,0.0,0.0,0.00010455947832159658,-11489.313643267644,-0.0,-308368.04450051376
t134,1.917638580026537e6,26985.965283357225,-674011.0373831433,0.0,0.0,0.0,8.823762912026847e-5,-33311.41598475672,-0.0,-1.2337513496947703e6,1.340349756267144e6,2.7088090270811627,-566626.7974100863,0.0,0.0,0.0,8.465846932623144e-5,44800.725787623756,-0.0,-799575.728285341,580808.4959940453,5265.172918539108,-256234.3795459179,0.0,0.0,0.0,0.00010505291213232849,-11489.309802867032,-0.0,-313646.9253915357
t135,1.902618663794287e6,31849.214454509554,-635554.4560986238,0.0,0.0,0.0,8.73564685852196e-5,-33311.42044515324,-0.0,-1.262051273255593e6,1.2795598579911017e6,2.726639775375155,-489716.8548627215,0.0,0.0,0.0,8.39320950235951e-5,44800.79460460128,-0.0,-815695.8654679379,548870.756064954,9711.444157058395,-226021.4593585821,0.0,0.0,0.0,0.00010425106374184781,-11489.374159448042,-0.0,-316368.3737680349
t136,1.8090691316007364e6,40373.24714916949,-540653.0058026697,0.0,0.0,0.0,8.73225821507816e-5,-33311.42746836618,-0.0,-1.2719272165173225e6,1.103526142389848e6,2.7332207878470385,-297242.64562471415,0.0,0.0,0.0,8.344419832982367e-5,44800.802808055785,-0.0,-832136.3503335785,501541.0565024752,12555.678395085599,-182021.90311236324,0.0,0.0,0.0,0.00010410841485756247,-11489.375339689608,-0.0,-315882.40084366006
t137,1.6541409668888212e6,49879.01011461079,-401898.83012359036,0.0,0.0,0.0,8.736479824765843e-5,-33311.425825301354,-0.0,-1.2652589428365272e6,886399.3259604272,2.8220105881788684,-77861.55301078061,0.0,0.0,0.0,8.340826835699412e-5,44800.84567366898,-0.0,-834390.8727066976,439681.77321703685,14418.193719204826,-123397.99821055544,0.0,0.0,0.0,0.00010330347777917264,-11489.419848367625,-0.0,-314509.5273323011
t138,1.3002657301848214e6,46757.955294337895,-67659.42640498522,0.0,0.0,0.0,8.818719830943349e-5,-33311.93442262818,-0.0,-1.242500584644917e6,566306.2759058222,216693.90890814993,-0.334013352985826,0.0,0.0,0.0,8.349682567438873e-5,43974.22676865024,-0.0,-822386.9010364173,278556.11776886095,46958.083611394686,-0.28339905583529834,0.0,0.0,0.0,0.00010058291869363367,-10662.292346022054,-0.0,-311879.1988791221
t139,623814.6324246202,543321.7572923884,-0.2282694201713844,0.0,0.0,0.0,8.981455370576928e-5,33311.58549695506,-0.0,-1.2047558562068988e6,240599.1416092511,585269.5253718758,-0.27915493910235195,0.0,0.0,0.0,8.469341957965875e-5,-22811.54955911965,-0.0,-798469.6221344542,111404.73708132101,210302.36863416454,-0.2600901772726431,0.0,0.0,0.0,0.00010018922179032864,-10500.035937835408,-0.0,-308234.40194631065
t140,383445.2168608147,740433.6034151261,-0.2672843391781898,0.0,0.0,0.0,9.06773868612977e-5,33311.5917129409,-0.0,-1.1614983049586373e6,191746.40386225184,606971.6564020083,-0.2782162723460439,0.0,0.0,0.0,8.60805848829043e-5,-22817.96367254322,-0.0,-771312.6006266149,94178.33836022508,218817.36640014488,-0.26111233672023526,0.0,0.0,0.0,0.00010038033264139564,-10493.628040397676,-0.0,-299529.41193844593
t141,375789.04790541227,702848.984404728,-0.27673000367802303,0.0,0.0,0.0,9.112652783784304e-5,33311.58865607825,-0.0,-1.1162575171415186e6,195949.93150919824,581465.1473160738,-0.28864728138826307,0.0,0.0,0.0,8.667318717356937e-5,-22839.24896384691,-0.0,-749988.324668534,88406.79467632808,218535.48428322538,-0.26441644304905326,0.0,0.0,0.0,9.960058207676528e-5,-10472.339692231344,-0.0,-293497.273014643
t142,363868.2733801669,665263.6197791565,-0.31477660814891,0.0,0.0,0.0,8.13837974348016e-5,33311.57583081828,-0.0,-1.0667513335734084e6,199928.73907761124,533587.2706684634,-0.28318615336712877,0.0,0.0,0.0,8.838620256098526e-5,-22851.99408052429,-0.0,-706076.5149079169,92048.32306623015,202731.88076950784,-0.2694761364711678,0.0,0.0,0.0,9.96391828864506e-5,-10459.581750293986,-0.0,-281347.94990527147
t143,353800.75324968173,599830.1410490467,-0.24031297504740926,0.0,0.0,0.0,8.114224868569656e-5,33311.57411936197,-0.0,-991250.379673785,201256.67392214626,474126.4875046756,-0.28245741362468535,0.0,0.0,0.0,9.07143509972326e-5,-22847.14067504117,-0.0,-647948.5211752458,94284.51047640805,177447.20621650634,-0.2683439148823682,0.0,0.0,0.0,9.927621341701516e-5,-10464.433444320799,-0.0,-258294.60930523893
t144,340563.5705315026,528242.2863302024,-0.24942628944738543,0.0,0.0,0.0,8.226562011456625e-5,33311.57472909509,-0.0,-906425.3396446357,198637.74669927693,425066.4621751412,-0.27265337221192726,0.0,0.0,0.0,9.267201330837587e-5,-22834.8382847483,-0.0,-596281.8797666078,85849.60866375914,162598.08631121286,-0.2689719768629406,0.0,0.0,0.0,9.824849892915035e-5,-10476.736444346787,-0.0,-234998.28224301903
t145,330513.4105980306,464021.6533327715,-0.22639107016670998,0.0,0.0,0.0,8.434924596861973e-5,33311.57440834673,-0.0,-832154.567268883,192996.8710430239,391126.36025848176,-0.27417087132734863,0.0,0.0,0.0,9.432049561457341e-5,-22819.821261214347,-0.0,-556715.9187627536,80505.38271288443,151112.2937074533,-0.2691152388151148,0.0,0.0,0.0,9.821104354635234e-5,-10491.753147132384,-0.0,-218153.24575187537
t146,325247.9368969344,415256.85620510735,-0.21601968528371432,0.0,0.0,0.0,8.609478301119892e-5,33311.57138257844,-0.0,-778124.304919061,188147.07097931518,369353.07404832036,-0.2775195110383712,0.0,0.0,0.0,9.52199369714591e-5,-22803.7238179528,-0.0,-530108.9281824045,74873.05875710431,145498.2884232304,-0.2677857410854004,0.0,0.0,0.0,9.789326975524004e-5,-10507.84756462564,-0.0,-206890.82322948796
t147,318030.36936634284,384563.00132729905,-0.22674283746716406,0.0,0.0,0.0,8.72027892022787e-5,33311.56570429234,-0.0,-740212.8696390231,184187.3997525151,354753.03008223703,-0.2800095043942394,0.0,0.0,0.0,9.508770996712629e-5,-22781.86321004475,-0.0,-511571.0726372134,68983.42475207736,143500.57004185126,-0.26969341263041646,0.0,0.0,0.0,9.717628677648997e-5,-10529.702494247591,-0.0,-198981.61388528708
t148,310098.66239789064,369828.35864392866,-0.25915810505086667,0.0,0.0,0.0,8.838386529666349e-5,33311.55762056606,-0.0,-717546.4876361134,180537.6990036686,354476.1247339101,-0.2831796122818377,0.0,0.0,0.0,9.537383909089961e-5,-22735.694477756933,-0.0,-507690.63466524973,66778.17460309381,143097.34763093645,-0.2635546359662779,0.0,0.0,0.0,9.73132748179194e-5,-10575.863142809128,-0.0,-196326.9867858894
t149,315732.5432426605,360889.1080134234,-0.2914217547729361,0.0,0.0,0.0,8.914277865603679e-5,33311.55407989006,-0.0,-714241.0933546848,270215.7834132254,277442.65993078006,-0.2261121181335184,0.0,0.0,0.0,9.52376910288528e-5,-22288.431911423162,-0.0,-520782.5795986973,201544.17676912955,11336.162614824527,-0.22440126392634185,0.0,0.0,0.0,9.818664434461525e-5,-11023.122168466902,-0.0,-198884.41930041212
t150,693964.8068679449,0.5334346044037932,-0.5237276313620988,0.0,0.0,0.0,8.818842529890215e-5,33311.557893304685,-0.0,-731584.3534365459,577205.8644036247,0.24767959136074175,-3208.145540240645,0.0,0.0,0.0,9.460230735097911e-5,-21821.67903323743,-0.0,-547589.0319439605,434955.2515246219,0.15058013771002934,-211068.34700398488,0.0,0.0,0.0,9.898494395558935e-5,-11489.878860067256,-0.0,-209423.95709779192
t151,1.2969658394139465e6,0.20526350892391196,-555132.6356148961,0.0,0.0,0.0,8.647980866302243e-5,19747.323185410813,-0.0,-765885.7233100844,863787.1182288697,0.2836184497942127,-254274.02103804823,0.0,0.0,0.0,9.296681426299586e-5,-8257.387394981166,-0.0,-596668.7147046227,531157.3097121122,0.061596824244623816,-282748.2968715634,0.0,0.0,0.0,9.989484217511834e-5,-11489.935790429647,-0.0,-232216.08725097292
t152,1.53366225859849e6,0.2658813313933131,-738513.1535819169,0.0,0.0,0.0,8.486647342370541e-5,10050.71058361822,-0.0,-809505.4308013547,1.0912979334162024e6,0.28553339922678156,-437415.21424673207,0.0,0.0,0.0,9.087185144905756e-5,1439.2275109252005,-0.0,-650734.9415881356,555577.470370064,0.06122080474803829,-282748.3011703065,0.0,0.0,0.0,0.00010059124448304014,-11489.93809454342,-0.0,-256636.22670080973
t153,1.6630100334972327e6,0.28313566657092565,-790911.6910248963,0.0,0.0,0.0,8.291267037728477e-5,-6209.8986817664445,-0.0,-870111.9906432711,1.2879335500297025e6,0.25211416564385236,-597901.3352682038,0.0,0.0,0.0,8.865608222917972e-5,17699.841329808485,-0.0,-703145.0313932714,575350.5193650796,0.06281432432744037,-282748.3133641858,0.0,0.0,0.0,0.0001009666375990725,-11489.94264804204,-0.0,-276409.25006131193
t154,1.7808414215333709e6,0.036375026040154336,-805139.4493760894,0.0,0.0,0.0,8.103487413969152e-5,-33311.248192185594,-0.0,-941456.7705159853,1.405287983395026e6,0.04589207794412641,-677832.5157272533,0.0,0.0,0.0,8.694157208613349e-5,44800.96852882129,-0.0,-753306.6431211946,591721.5230015671,0.06243774426833196,-282748.32511112565,0.0,0.0,0.0,0.00010200411545679366,-11489.720336635695,-0.0,-292780.4629511901
t155,1.8558957647369073e6,0.037889383812203026,-805139.4449087653,0.0,0.0,0.0,7.932550181914073e-5,-33311.46064928149,-0.0,-1.0165323345428685e6,1.4486794671253508e6,0.03859686678592089,-677832.5443512205,0.0,0.0,0.0,8.54901967399277e-5,44801.33394210936,-0.0,-796698.643433854,604284.1802089864,0.047393940032397205,-282748.39126073284,0.0,0.0,0.0,0.00010244768075813498,-11489.873292827868,-0.0,-305342.8630462802
t156,1.848887931460347e6,0.3071058759605714,-762145.1084606922,0.0,0.0,0.0,7.879361631150647e-5,-5769.32366222073,-0.0,-1.0852672900612026e6,1.4661007039639715e6,0.30904655611048837,-647730.5896684175,0.0,0.0,0.0,8.420622430781908e-5,17259.197539659097,-0.0,-831042.3327745046,554713.4868911912,0.46439804508633553,-226640.35702476357,0.0,0.0,0.0,0.00010233403665571656,-11489.873877438367,-0.0,-313610.4774222076
t157,1.834899138652349e6,0.28240189696202816,-712537.5283866579,0.0,0.0,0.0,9.131268935927077e-5,17138.116858250833,-0.0,-1.1438043856573552e6,1.4640228580748336e6,0.2699012533652796,-594953.5741292612,0.0,0.0,0.0,8.352115123533388e-5,-5648.2585281348365,-0.0,-858834.0053525249,486323.56004419806,0.5128424714812736,-151902.46454724844,0.0,0.0,0.0,0.00010286772749367494,-11489.858330115996,-0.0,-319958.4987468542
t158,1.771073006782308e6,0.27099004955491185,-597407.0420160665,0.0,0.0,0.0,8.921241460962623e-5,16564.35962184856,-0.0,-1.1945350022375423e6,1.4276332036045599e6,0.288027777649719,-534954.4247000336,0.0,0.0,0.0,8.304422480135281e-5,-5074.497663520948,-0.0,-883017.2332743735,443307.1109028702,0.46409506029828185,-103655.68259212506,0.0,0.0,0.0,0.00010261410999497135,-11489.861958327614,-0.0,-325188.78234543867
t159,1.701218088869614e6,0.260480724711659,-493010.6906653734,0.0,0.0,0.0,8.849878612075463e-5,18112.009336511976,-0.0,-1.230624159278949e6,1.4372530621798576e6,0.27915088200113497,-527879.634598267,0.0,0.0,0.0,8.255679619871499e-5,-6622.161109303819,-0.0,-898164.2388160261,400027.77765027754,0.4759623707525339,-57375.60115780487,0.0,0.0,0.0,0.00010174889856487102,-11489.848227208156,-0.0,-328189.6651534534
t160,1.6048377098083883e6,0.26428817958844514,-377242.1149049911,0.0,0.0,0.0,8.811433151651308e-5,18119.352068011434,-0.0,-1.250019638071193e6,1.3519583296161278e6,0.27930734664768736,-413763.11486373586,0.0,0.0,0.0,8.240287798526499e-5,-24745.562182392365,-0.0,-908862.6425705054,325368.29366697255,0.5338851467561657,-0.6135619905480361,0.0,0.0,0.0,0.00010151665469338594,6626.210114380929,-0.0,-329021.8937864454
t161,1.4163887749018497e6,0.2829862630426868,-185244.70388867235,0.0,0.0,0.0,8.817812914989436e-5,19129.545770499142,-0.0,-1.2545782079236675e6,1.064551363250074e6,0.2966469808182684,-118759.735702242,0.0,0.0,0.0,8.224575112533768e-5,-30619.39386875506,-0.0,-910585.2669038539,255517.7291839334,64245.77981133276,-0.2081011497085868,0.0,0.0,0.0,0.00010043813851097007,11489.848098255918,-0.0,-328280.7850767737
t162,1.1059094222158873e6,96658.62045165466,-0.218548052370393,0.0,0.0,0.0,8.89214271956104e-5,33311.802231869005,-0.0,-1.2406553123591107e6,625846.1208370524,321845.93706146907,-0.24893787254256877,0.0,0.0,0.0,8.225288041930208e-5,-44801.360155947725,-0.0,-898303.2576218753,144367.22756663454,170105.63970459485,-0.278308195632961,0.0,0.0,0.0,9.871505837681424e-5,11489.557924078717,-0.0,-322989.7548626424
t163,519926.6895746859,650293.2744652936,-0.22177170747483282,0.0,0.0,0.0,8.97964380063913e-5,33311.72868323046,-0.0,-1.2082796939364916e6,272569.813516208,647995.5195520427,-0.2865388148295466,0.0,0.0,0.0,8.298074017496304e-5,-44801.36933550615,-0.0,-871176.4575935684,69076.88558206038,235864.69917163026,-0.2274965883250281,0.0,0.0,0.0,9.885227739796836e-5,11489.640652275686,-0.0,-313458.6108833404
t164,332599.3511168475,797785.7752234039,-0.21496936956119925,0.0,0.0,0.0,9.058952931588986e-5,33311.94555544814,-0.0,-1.1684310101819467e6,210950.88489895343,677827.4612718207,-0.18442697531986313,0.0,0.0,0.0,8.41304525776386e-5,-44801.441504848575,-0.0,-839389.5054213611,59703.37596931902,235415.62104266117,-0.2253896878554557,0.0,0.0,0.0,9.914707814742399e-5,11489.495949400438,-0.0,-303635.8831494135
t165,348255.6205426179,739858.5794369369,-0.25958193215156045,0.0,0.0,0.0,9.092659572307123e-5,33311.75324024679,-0.0,-1.1261449574268355e6,220441.7159911224,646450.2425165762,-0.2822955027193966,0.0,0.0,0.0,8.464340553164377e-5,-44801.34952694401,-0.0,-817503.1099439771,55536.320711115186,232876.15177048766,-0.22891888430794535,0.0,0.0,0.0,9.941715960173344e-5,11489.596286697217,-0.0,-296929.45679304044
t166,350209.01474637707,685830.5980248217,-0.21871253142510824,0.0,0.0,0.0,8.117131899398732e-5,33311.75605995587,-0.0,-1.074063440575108e6,221853.90441040113,590627.3101830555,-0.2883388310036633,0.0,0.0,0.0,8.648013303862443e-5,-44801.35632477094,-0.0,-763092.3581937946,54304.280606504486,219510.78788219497,-0.23602932417327005,0.0,0.0,0.0,9.996554987161198e-5,11489.600264815066,-0.0,-282332.04507713055
t167,348680.11314573133,602570.2030367476,-0.2162832325103327,0.0,0.0,0.0,8.072206184850806e-5,33311.75647968968,-0.0,-989255.6460813401,224619.86458781868,519621.2266678264,-0.275810853126745,0.0,0.0,0.0,8.875687698171383e-5,-44801.347034802435,-0.0,-694852.2574095733,46537.91962011156,201429.49533251757,-0.23603867142816248,0.0,0.0,0.0,0.00010033258288583694,11489.590555112756,-0.0,-256484.36016194258
t168,340089.9641960712,520289.1501830608,-0.1869888033190862,0.0,0.0,0.0,8.118439324924536e-5,33311.75643119129,-0.0,-898348.6805743623,224053.99189193943,459272.6675839475,-0.2815831801050754,0.0,0.0,0.0,9.12393754930435e-5,-44801.32857001154,-0.0,-633937.8432640124,42656.9168587996,180313.27878216852,-0.20134364183146305,0.0,0.0,0.0,0.00010117680503127582,11489.572138820253,-0.0,-231487.12786441064
