,Power Emissions,HSC Emissions,CSC Emissions,Biorefinery Emissions,Bioresource Emissions,Biomass Capture,Conventional NG,Syn NG Plant Emissions,Syn NG,Bio NG,Conventional Liquid Fuels,Synfuel Plant Emissions,Synfuels,Biofuels,Ethylene Emissions,Total
AnnualSum,2.3442597815344512e8,3329.578907861115,-869.5771143661685,1.4755178275521296e8,0.0,-6.771942162122791e8,890.6328102697969,1028.7332203037035,198.86767387239132,1.0770828321477994e8,2.9059289105874397e7,6.33423294562754e7,5.6848621230626315e7,3.668308045673453e7,1.5696373491274165e6,-636.2547051040456
t1,61896.233200268674,0.37988941108102026,-0.08347593683743956,16843.84844923951,0.0,-77305.51899823578,0.0975097038330374,0.11797743036495675,0.022241485412667454,12295.472987957433,3317.3824241425964,7230.837342413626,6489.537568693069,4187.5722314774985,179.18422010274065,35135.08356815322
t2,61895.979958129145,0.3799433262207202,-0.08488906851298067,16843.8486502509,0.0,-77305.52290661054,0.0983963926495399,0.1157829355301172,0.02184279286739219,12295.472429202942,3317.4229659883913,7230.840615457256,6489.541241849936,4187.572478629913,179.1840838147559,35134.87059309145
t3,61895.499235508556,0.37997739566544647,-0.08479390297513843,16843.851066655447,0.0,-77305.53263010408,0.09678192837450278,0.11219220697575429,0.021380342956214018,12295.47452311512,3317.361478357368,7230.844079698815,6489.545275192096,4187.5726189870375,179.18401626958422,35134.32520165093
t4,60665.59982945536,0.3799885629593411,-0.08520402905332555,16843.853858243798,0.0,-77305.54325593138,0.09480877953401765,0.10852447223590068,0.020895175311316586,12295.47707774499,3317.2842615993327,7230.846335412135,6489.548094775436,4187.572725819934,179.18401322497002,33904.34195330556
t5,52983.47474224932,0.37991132414273737,-0.10192816933512425,16843.866861345516,0.0,-77305.57805992936,0.07836097899409812,0.10291456714615935,0.020392901951102053,12295.492509628448,3317.261474776694,7230.842783303728,6489.54831462756,4187.572836561348,179.18251474780138,26222.143628913946
t6,24406.71542082061,0.37986448131564743,-0.11264296643855108,16843.858824779414,0.0,-77305.50337644038,0.07132772713880538,0.10436264615152933,0.021321346209701723,12295.496920063359,3317.216854836528,7230.886275001633,6489.614576827863,4187.567326877823,179.18107640986557,-2354.5018675889114
t7,6609.938860704323,0.37990300327067467,-0.11822468619221801,16843.862029339612,0.0,-77305.5160467765,0.07001377540310763,0.09876674630212624,0.02014384630885207,12295.498641372373,3317.2340388204916,7230.874928860859,6489.600918323946,4187.565883075636,179.18064530296968,-20151.309498291186
t8,3.6516767820266947,0.37991330108041177,-0.11825788280440012,16843.863271214603,0.0,-77305.52476656431,0.07037417386225125,0.09758004599801304,0.019879940048131463,12295.498599729277,3317.2419641817514,7230.870861701604,6489.594923633539,4187.566266343902,179.18068728302117,-26757.6070261164
t9,3.3533551799678496,0.3799188882628279,-0.11808377093764827,16843.864208999636,0.0,-77305.53061892319,0.07042005772450341,0.09655598668962859,0.01968124090977326,12295.498788183759,3317.244324303436,7230.869170758968,6489.592433152673,4187.5664557216605,179.18071325908934,-26757.91267696135
t10,3.191824850581207,0.37992202849421025,-0.117619440007653,16843.86421767541,0.0,-77305.53206446594,0.0708373447072734,0.09670797689793298,0.01967130051514246,12295.498380278708,3317.2505837845247,7230.866994112552,6489.58913682497,4187.5665724537575,179.18072111490534,-26758.074114159917
t11,3.073870813101299,0.37992484848080316,-0.11756525798523147,16843.86470649068,0.0,-77305.53494233947,0.07081482600976852,0.09614338828963039,0.01956623357676236,12295.498528386079,3317.2512505049885,7230.866313779456,6489.58815703303,4187.566655468452,179.18073494541028,-26758.19584087989
t12,2.9805392804101873,0.37992724865588956,-0.11763916350083402,16843.865399505084,0.0,-77305.53837189202,0.07058788460363294,0.0952962412054127,0.019423361953901055,12295.498927831208,3317.2494987058976,7230.866311483529,6489.588208261524,4187.5667202867935,179.18075099380943,-26758.294419970844
t13,2.9305356711190407,0.3799282993047744,-0.1173319797380341,16843.86538237552,0.0,-77305.53900546755,0.07081020268569864,0.09544386304412646,0.019427343515263505,12295.498704523505,3317.253042435961,7230.865148871838,6489.586405246772,4187.566775714284,179.18075994548877,-26758.34397295426
t14,2.884154408164742,0.379928123898626,-0.11739370347801421,16843.865929259347,0.0,-77305.5416947934,0.07061935482976267,0.09479255199381371,0.01931712148629753,12295.499026569189,3317.2518058272512,7230.865142422033,6489.586446405049,4187.566828510194,179.18077735687874,-26758.394320586554
t15,2.8414670898745107,0.3799270685904665,-0.11770797755071917,16843.866615683113,0.0,-77305.54449998875,0.07024232991620466,0.09379209524211826,0.019153252183836844,12295.499591145284,3317.248838820483,7230.865593151268,6489.587237088106,4187.566866972034,179.18080610559792,-26758.442077164615
t16,2.8300955800351586,0.3799290541856923,-0.11739154397664228,16843.8662806172,0.0,-77305.54304115531,0.07049480305049008,0.09410473691167345,0.019171080976165107,12295.499315052011,3317.25413513433,7230.864210769235,6489.585148598118,4187.566877311037,179.18082719306952,-26758.44984276913
t17,2.8230760553140497,0.37994892412418013,-0.11697624969762728,16843.865739034536,0.0,-77305.54237590038,0.07121950686420234,0.09489691339851578,0.019257192676270574,12295.498485452572,3317.2616072660317,7230.862955802367,6489.582668152262,4187.566896652181,179.18084403338915,-26758.451757164356
t18,2.88819585122725,0.3799426026258263,-0.11621117928254307,16843.8674081527,0.0,-77305.55160184685,0.07067234210456716,0.09372884122613324,0.019110453057505403,12295.49931919682,3317.2536071267477,7230.8650335765215,6489.585883974617,4187.567035381657,179.18095625676764,-26758.396919270057
t19,2.88568343765411,0.3799225466766919,-0.11703297219901031,16843.868883701754,0.0,-77305.55670404964,0.06951985718142845,0.09171677714807507,0.018824279150540975,12295.500773085734,3317.2436989920293,7230.867312292204,6489.589716085487,4187.567079377303,179.18093304661352,-26758.409673542898
t20,2.871787288553066,0.37992129647129647,-0.11760058053989458,16843.869587935744,0.0,-77305.55985009862,0.06914711376819693,0.09094188033285207,0.01871598671711244,12295.501281311124,3317.239265528732,7230.868135534782,6489.590959279866,4187.567122267109,179.18094019035632,-26758.429645065604
t21,2.844880507157614,0.3799245458262815,-0.11794139889447267,16843.8702461902,0.0,-77305.56270260201,0.06879747426302954,0.09010479789943573,0.01859536782671289,12295.501775694453,3317.2356386336214,7230.868813866715,6489.591991942857,4187.567157274581,179.18094801908106,-26758.461769686422
t22,2.8396445847998133,0.3799273141692526,-0.11795251317025232,16843.87012748295,0.0,-77305.5628070237,0.06901577020264449,0.09049516818285935,0.018641397954798127,12295.50150825105,3317.2377899654857,7230.868131365186,6489.590888066468,4187.567203906595,179.18094394575857,-26758.466442318073
t23,2.8168461262323095,0.3799293925399926,-0.11808088503761954,16843.870425415367,0.0,-77305.56446066691,0.06895595606159527,0.09015895356493571,0.01858735631349002,12295.501634602106,3317.236771569392,7230.8681995815705,6489.590971117649,4187.567249667535,179.1809461814243,-26758.491865632182
t24,2.7791519735432213,0.37993146536421574,-0.11812260586861709,16843.870731734598,0.0,-77305.56613330687,0.06888705561945338,0.08982958912449576,0.018533912297592058,12295.501772115927,3317.2359022557803,7230.868176568676,6489.590938570812,4187.567301064429,179.1809514218232,-26758.532148184753
t25,2.7612532642026135,0.3799337138362876,-0.11803684593146004,16843.870578170183,0.0,-77305.56624585025,0.0691622281536993,0.09031601026743699,0.01859154621303765,12295.501437866678,3317.238626410496,7230.867219185005,6489.589467208186,4187.567372461387,179.18094954896577,-26758.549375082606
t26,2.7216824201247465,0.3799352887776393,-0.11807892554881308,16843.870876048793,0.0,-77305.56810997835,0.06915297964020761,0.09007485141600842,0.018547883112868407,12295.501503738362,3317.238447164621,7230.866908274475,6489.589021584444,4187.567454064979,179.18095423909756,-26758.59163036606
t27,2.6621756579277487,0.379936156490153,-0.1180965110532496,16843.871402289562,0.0,-77305.57099194561,0.06902889398263724,0.08956503928521202,0.01846464278638728,12295.501732058456,3317.237490825182,7230.8666703309445,6489.588716783714,4187.567560041623,179.1809646391362,-26758.655381097586
t28,2.615681779026963,0.37993641002138967,-0.11797134958725498,16843.871597619218,0.0,-77305.57323912304,0.06926313576964893,0.08985456324843397,0.018487397508370352,12295.50148332006,3317.2402492327656,7230.865355988263,6489.586729285626,4187.567723293792,179.18096726684684,-26758.70388118047
t29,2.5362498677242584,0.3799384245657137,-0.11784716372828259,16843.872155417066,0.0,-77305.57798019926,0.06953967868472062,0.09000165085661917,0.018477785097515114,12295.501238929815,3317.243537330831,7230.863589535959,6489.584032001375,4187.567978182327,179.18096614962423,-26758.788122409067
t30,2.407769018770435,0.37994351881378485,-0.11810667651815049,16843.873292798882,0.0,-77305.58724028323,0.06999632129250398,0.09014910214029713,0.018449278420581333,12295.50083280326,3317.2488108263497,7230.861062611323,6489.580166497991,4187.568360928037,179.18099281390778,-26758.925520440574
t31,2.0990136136168362,0.3798092418949897,-0.12870070437719727,16843.788807028333,0.0,-77305.0248387097,0.0693476492964867,0.12240871426461876,0.025878017230040393,12295.49212552836,3317.2244414410648,7230.890840554677,6489.63094362155,4187.558790418139,179.1794895418512,-26758.691644043793
t32,2.0319311398404776,0.3798079783441161,-0.1298871630306623,16843.788603519046,0.0,-77305.02487336547,0.06965324188099323,0.12297961648936924,0.025970321393989283,12295.491716533912,3317.2271080459604,7230.890143939913,6489.62990497136,4187.558819238055,179.17947906528002,-26758.758642917026
t33,1.98834479553346,0.37980368550578647,-0.13014911628954015,16843.788592059915,0.0,-77305.02460263718,0.06961889598780648,0.1229142405923592,0.0259680881131994,12295.49175561817,3317.2261280712905,7230.890332789416,6489.630272827262,4187.558837923845,179.17947315134504,-26758.80270960649
t34,1.9763503348537108,0.3798000352181716,-0.12977788513522923,16843.787890049392,0.0,-77305.02174935443,0.07005102968243654,0.12386599809981902,0.026109346934827485,12295.491153490351,3317.231398172213,7230.88905365079,6489.628315402777,4187.558837990105,179.1794604890179,-26758.809241250132
t35,1.9677961034961395,0.3797986977391935,-0.12983337509797382,16843.78810649717,0.0,-77305.02283574581,0.06996853120282731,0.12364882824995545,0.026074995195784913,12295.491278343392,3317.230442484858,7230.88926882841,6489.628633816776,4187.5588414654185,179.17946364694407,-26758.819346882065
t36,1.9632099576811082,0.379798031889728,-0.13002646171202448,16843.788614895842,0.0,-77305.02501117795,0.06968562142796351,0.12301329361252877,0.025977024698097293,12295.491681134861,3317.227212733256,7230.890034788683,6489.629792458637,4187.558840568306,179.1794749016278,-26758.827702229144
t37,1.9843289601972118,0.37979586632953977,-0.12966079797376778,16843.788269981607,0.0,-77305.02384294756,0.06994870602556663,0.12357400934469631,0.02605136357527945,12295.491328993548,3317.2309562966475,7230.889164977662,6489.6284014242265,4187.5588282775325,179.17947725478516,-26758.803377634053
t38,2.008092660011882,0.37979324241236034,-0.1293883907083724,16843.788385351516,0.0,-77305.0242231204,0.0698603471775397,0.12343598594844138,0.026019038768986334,12295.49145657803,3317.2307910134627,7230.889272164939,6489.628511910516,4187.55881445808,179.17949178327345,-26758.779686976977
t39,2.039338567126241,0.37979274217303866,-0.12920569510686744,16843.788575282902,0.0,-77305.02440875206,0.0696461405116641,0.12297692324193546,0.025922903417518756,12295.491765271621,3317.2299344060034,7230.889564323509,6489.628911980248,4187.558797375992,179.17953595830275,-26758.74885257211
t40,2.1085660851249224,0.37979757869286773,-0.1268184285239464,16843.787683218397,0.0,-77305.02310917317,0.07068675030382494,0.12490880019278094,0.026163480014697996,12295.490472114392,3317.244160479916,7230.886799521628,6489.624197535692,4187.558816366505,179.17954541835783,-26758.668130252478
t41,2.1968602829112926,0.37980080541202693,-0.12400877679597391,16843.788128355005,0.0,-77305.02388180105,0.07028947210488702,0.12413733607723806,0.025991330886103406,12295.491095996194,3317.2429867921614,7230.886707297709,6489.624095705462,4187.558789688295,179.17961242949855,-26758.579395086148
t42,2.4269486368319604,0.38024276159967935,-0.1013058213678694,16843.771374365508,0.0,-77304.99257366876,0.0967861028847345,0.11753595119385433,0.02398730280451794,12295.468133005832,3317.268489356141,7230.871050303796,6489.587239642412,4187.559639655246,179.18147967557155,-26758.340972730315
t43,2.6125103238463505,0.3801126230469865,-0.09761429210895115,16843.766426112037,0.0,-77304.98035655497,0.09914478476203985,0.13839961014391322,0.02750308512078544,12295.462084172597,3317.2561578299023,7230.880937883173,6489.602929244322,4187.560188242501,179.18138766529478,-26758.110189270334
t44,2.7514296383199905,0.3800999428202437,-0.09097659082834224,16843.769127834534,0.0,-77305.01005471474,0.09939682257943278,0.13942569124756454,0.027839292013600456,12295.461972021765,3317.249103086649,7230.882333812073,6489.605114882036,4187.562577568582,179.18178492129738,-26757.990825791654
t45,2.7134508458640214,0.3801083632749484,-0.09847271484330682,16843.76791214795,0.0,-77304.98386129369,0.09735896420005719,0.1377240657350327,0.02747191710085993,12295.463945425228,3317.243726294878,7230.884034895063,6489.608740348469,4187.5601371877565,179.18136888873138,-26758.016354664276
t46,2.7609753207767094,0.3801118327064241,-0.09952658131396931,16843.767513538984,0.0,-77304.98286523367,0.0977743450076107,0.1382707697207256,0.027545761913017084,12295.463444859037,3317.2450888492267,7230.883781110069,6489.608144278658,4187.560145206577,179.1813584298096,-26757.96823751251
t47,2.7863092143943384,0.3801148140770469,-0.09975799099892302,16843.76773213311,0.0,-77304.98388609303,0.09762253859507813,0.13827730088107612,0.02754923040816468,12295.46359770419,3317.243969017762,7230.884121793695,6489.608708980682,4187.560156204818,179.18135640989624,-26757.94412874152
t48,2.7932287571183254,0.38011684166113163,-0.09979617821994531,16843.768139916454,0.0,-77304.98559698166,0.09732070193684347,0.13811568614502756,0.02752854092982579,12295.463930687645,3317.242366573759,7230.884561363398,6489.609488227746,4187.560166772453,179.18135927456518,-26757.939069816068
t49,2.821841608411303,0.38011767980712585,-0.09973894004456116,16843.76739225606,0.0,-77304.98320344462,0.09802620983061458,0.1387301994903477,0.027602463318060814,12295.463134261647,3317.245200836939,7230.883863777116,6489.608190196652,4187.560174187896,179.18135041859807,-26757.907318288886
t50,2.8298671315442037,0.380117932978151,-0.09973411453103372,16843.767410985536,0.0,-77304.9833306663,0.09801911359295107,0.13876845333687146,0.02760646545367689,12295.463138365245,3317.245106029704,7230.883881885635,6489.608249375847,4187.5601801985995,179.18135020122148,-26757.899368642145
t51,2.82119579605552,0.3801180168021735,-0.09977599624326364,16843.768061562863,0.0,-77304.98565955128,0.09745537970933166,0.13834116368388263,0.02755318778859421,12295.46377067727,3317.2425715589325,7230.884478243512,6489.609414524541,4187.56018763519,179.1813549946796,-26757.9109328065
t52,2.834867831578684,0.38011822977163295,-0.0996723835583415,16843.767385915944,0.0,-77304.98344755555,0.09808001017509516,0.13889318322469904,0.02762304925990299,12295.463061057619,3317.2453777937676,7230.883700966762,6489.608063639218,4187.5601906066495,179.18134718659041,-26757.89441046855
t53,2.8251517695827166,0.38011900232292806,-0.09963872092885556,16843.766843509304,0.0,-77304.98171839227,0.09857834998194812,0.13933883150649887,0.02768367712788788,12295.4624780666,3317.247781553783,7230.882967245728,6489.606854086874,4187.560193371043,179.18133232494242,-26757.9020353244
t54,2.7540729924231093,0.38010559645232084,-0.10116075473005733,16843.769427142583,0.0,-77304.98779166481,0.09499261886729786,0.13968606712910853,0.027771553816950078,12295.46575919356,3317.2471839257246,7230.883587369176,6489.60854237771,4187.560025572895,179.18114047123848,-26757.976657537958
t55,2.7527236157613926,0.38010681152146897,-0.10337759681971409,16843.764142397362,0.0,-77304.94949405953,0.09559530214136679,0.14026668148912788,0.02782717314161127,12295.465003161193,3317.2515825388905,7230.8826258148265,6489.606834983531,4187.559550199488,179.1810563315404,-26757.94555664547
t56,2.752702631818722,0.3801066247859806,-0.10366178011013434,16843.76396040226,0.0,-77304.94876848992,0.0957246153966416,0.1404305671328177,0.027848499062146297,12295.464845884535,3317.2526491581802,7230.882413898446,6489.606459965013,4187.559558540364,179.1810496209415,-26757.944679862096
t57,2.7492932661598704,0.38010551444147367,-0.10380096428398942,16843.764050954356,0.0,-77304.94875748118,0.09559324003709264,0.14022330066984565,0.027821217808888146,12295.465006559592,3317.2513971267285,7230.882688787296,6489.607076950358,4187.559563546955,179.1810488895221,-26757.948689091547
t58,2.774628639616009,0.380102734758696,-0.10399196433355641,16843.763779232497,0.0,-77304.94747367482,0.09574602447048906,0.140482628438755,0.027846819234502176,12295.464816715727,3317.253240942861,7230.882446419546,6489.606508600553,4187.559559122793,179.18104449641842,-26757.921263262237
t59,2.7232634666447444,0.3800824060049865,-0.10946234828685261,16843.763134944442,0.0,-77304.934543603,0.09245312934055402,0.14483192878363935,0.028626960844165446,12295.466770410994,3317.2521380624353,7230.883920024252,6489.61005527053,4187.558479188236,179.18053698530258,-26757.959713173463
t60,2.7865263916836622,0.38008114121011455,-0.10955125521067816,16843.763277891252,0.0,-77304.93494871612,0.09235693136954594,0.14464562604762837,0.02856410578475712,12295.466938139061,3317.252541071667,7230.884194052916,6489.610279859121,4187.558464085199,179.18056271441745,-26757.896067961603
t61,2.933326756620892,0.3800859966944175,-0.10892681464042707,16843.766192404273,0.0,-77304.9470673483,0.0901508036071253,0.14332943481775087,0.028328227706371927,12295.469418112663,3317.2494676344477,7230.886677103136,6489.613052828451,4187.558527606591,179.18058257216063,-26757.756854681775
t62,3.312285612604269,0.38025199342519755,-0.10297125223930012,16843.77051527303,0.0,-77304.97070817077,0.0933120940649478,0.12008379459095853,0.024199581476965066,12295.471638135281,3317.2859805458434,7230.853103669202,6489.560729000899,4187.559573417973,179.181649928098,-26757.460356376527
t63,3.725951369505147,0.3802479405229288,-0.1023785743724361,16843.769714241607,0.0,-77304.96717854755,0.09384687181747604,0.12072575258157728,0.024266503887723223,12295.47102279356,3317.286236764644,7230.854293050127,6489.561985739664,4187.5595422652395,179.18165970055367,-26757.040064128214
t64,11424.755803567416,0.38024772559073067,-0.10231513396590665,16843.77044212878,0.0,-77304.96929099892,0.0930841272955526,0.12061233134625104,0.02420846468706634,12295.471865577068,3317.282783312092,7230.856532459315,6489.564889990523,4187.559520149815,179.1816663749427,-15336.009949924022
t65,42005.79599732026,0.3802183023814764,-0.09700394135467572,16843.762174125906,0.0,-77304.970035941,0.10905696439709699,0.13360371371426932,0.025670482501749775,12295.456454019179,3317.289516547632,7230.853137415787,6489.555822788119,4187.561959786629,179.1825960601455,15245.039167644292
t66,49870.83765346891,0.3802158766024882,-0.09011926862933034,16843.74157499143,0.0,-77304.93850327254,0.1395185730689046,0.13674533691597485,0.02604085564524883,12295.42671590145,3317.287284348698,7230.859862241641,6489.55913320951,4187.562638065539,179.18355803726496,23110.112318365507
t67,51078.0505998034,0.3802223277396754,-0.08886874695946814,16843.738820370105,0.0,-77304.92638993335,0.14135776422948482,0.13748457461005295,0.026122070756046285,12295.42467604737,3317.286459454351,7230.860858344046,6489.56049217254,4187.562552522271,179.18354576378985,24317.337932534898
t68,51079.38236898101,0.38019848651532834,-0.0774858128678811,16843.70991184963,0.0,-77304.76131575719,0.1483047496204425,0.13952542382401223,0.02650009991682454,12295.41948421526,3317.281513883533,7230.8635880226,6489.560026546167,4187.569843095039,179.18508799593295,24318.827551778995
t69,51078.35713971278,0.38021692441012805,-0.08931725652300616,16843.730832022942,0.0,-77304.88063170866,0.1432351032887667,0.13933840340929315,0.02664042875571699,12295.42218749681,3317.2770244306976,7230.863920574854,6489.566188213739,4187.562259134644,179.18347498192992,24317.682508463076
t70,51078.3689599922,0.38020418179475335,-0.09088557920507323,16843.732168694525,0.0,-77304.8836080606,0.14167459847671002,0.138348483304742,0.02653521797447116,12295.423863726406,3317.2686291845857,7230.865703718116,6489.56993148279,4187.56222613918,179.18345404197032,24317.687205821523
t71,51078.33319444441,0.3802058184099603,-0.09109683806255876,16843.73368520926,0.0,-77304.8897015147,0.1404245337034905,0.13776893738890866,0.0264931775496743,12295.425167938125,3317.262362748507,7230.8671417134865,6489.572633067072,4187.562268180158,179.18344786360825,24317.64399527891
t72,51078.252175915884,0.3802099760167716,-0.0912499258444289,16843.73520298797,0.0,-77304.89529878733,0.13906394774465677,0.13712540337654314,0.026429504880586773,12295.426601267214,3317.2572487787493,7230.868390293718,6489.574942746363,4187.5622959305265,179.18344939216382,24317.55658743142
t73,51078.215123488655,0.38021252308520387,-0.09133508390733483,16843.734558191445,0.0,-77304.89358033918,0.13977036822695554,0.1375822211121073,0.02648975811511222,12295.425829680165,3317.259562914406,7230.867818138283,6489.57378596088,4187.562322751677,179.1834399167766,24317.521580489738
t74,51078.09443751139,0.3802136599135073,-0.0913384909223156,16843.73520295686,0.0,-77304.89591768873,0.1391828272010128,0.1373388916873417,0.026465995521259684,12295.426452066202,3317.2585478907954,7230.867980082828,6489.574108186766,4187.56234226426,179.18343031971844,24317.398446473486
t75,51077.875078311874,0.3802143692653541,-0.09137010774000325,16843.736645232064,0.0,-77304.90065967104,0.13777404356735012,0.13663763162357428,0.026387346039925114,12295.427962220296,3317.25624082338,7230.868351640151,6489.574993368233,4187.562353930228,179.18342620230726,24317.174035340257
t76,51077.51428391543,0.38021488707465273,-0.09123131926759577,16843.736619092073,0.0,-77304.90159468837,0.13811526888589798,0.1370101569933811,0.026436447762967077,12295.42769948716,3317.2597498573314,7230.867330924766,6489.572862746481,4187.56237221708,179.18337511561273,24316.81324410901
t77,48240.524035303046,0.38022148758642604,-0.0918165222095699,16843.745640179797,0.0,-77304.9308827022,0.1284281474961113,0.13661256965857815,0.02639466630217406,12295.437213812918,3317.2647836879464,7230.865909234601,6489.569865389409,4187.562414681932,179.18333956972862,21479.802159506
t78,45086.64916710413,0.38023313131981873,-0.09408928749297989,16843.749631806197,0.0,-77304.92652591922,0.11906924335853564,0.13339541037103306,0.026107107310205123,12295.445635386026,3317.265320986169,7230.863853827884,6489.571919878945,4187.561175496101,179.1828004306886,18325.927694601785
t79,39877.66096558753,0.3802477277897283,-0.10701479559777859,16843.766964948492,0.0,-77304.94522373866,0.09097366926103258,0.13325711363107612,0.026074217938936113,12295.472384201083,3317.271711181148,7230.860225977728,6489.571487519515,4187.56041121844,179.1815663672449,13116.924031195542
t80,39877.09753060194,0.38024022417061953,-0.10519099858796549,16843.76482030274,0.0,-77304.9399758905,0.09375125054478192,0.13369656591696874,0.026139232623638833,12295.469734239201,3317.2738738345233,7230.859710777344,6489.570264662252,4187.56041333498,179.1817766875672,13116.366784824708
t81,39877.565424209686,0.3802381304771637,-0.09830358511199644,16843.749217427394,0.0,-77304.89672088008,0.11263943136060289,0.133485893246825,0.026097327515232978,12295.451533100635,3317.2763940945647,7230.859442267435,6489.566781187044,4187.560445898479,179.18242214979085,13116.869096652443
t82,44977.11568480723,0.3802259729281625,-0.09646596001712147,16843.738824499596,0.0,-77304.86744544814,0.12516827786713539,0.13488556580040056,0.026257410711818946,12295.439538803721,3317.2764258863026,7230.863625459315,6489.56971338269,4187.560459798801,179.182857690303,18216.44975614711
t83,44979.738713202736,0.38022874037762133,-0.09638779887049319,16843.73993180124,0.0,-77304.86818619883,0.12299463536326419,0.13476309599553768,0.026225542159605226,12295.441422178359,3317.2763124256935,7230.863671374821,6489.5699429287615,4187.56042963268,179.18267675117963,18219.07273831167
t84,44980.357190176925,0.3802452881829424,-0.09577372264746116,16843.73838260787,0.0,-77304.86444473386,0.12474089820728679,0.13575127020056432,0.026332608998479203,12295.439553967968,3317.2819352167107,7230.8635838242,6489.568568070121,4187.560477767822,179.18270425952318,18219.699247500215
t85,44980.78175573556,0.3802436554020653,-0.09565305603410353,16843.737390386843,0.0,-77304.85890743823,0.1250940588614783,0.13618648500467934,0.026382571432102788,12295.43912327925,3317.2827506864005,7230.86420094885,6489.569046980934,4187.560422593015,179.1827149016167,18220.1307517889
t86,44981.86708768925,0.38024010651962015,-0.0952775672863842,16843.735932019266,0.0,-77304.85283708441,0.12618135593693608,0.13664108173450643,0.026447848778942858,12295.437960629943,3317.2818773014387,7230.865218210414,6489.570290020732,4187.560364440049,179.18270762793668,18221.222833680295
t87,47128.63646855419,0.38023736844141576,-0.09486958740557849,16843.733616269248,0.0,-77304.84373161539,0.12808641717951758,0.13720573048445864,0.0265283081258805,12295.435974306623,3317.2789013167762,7230.867024348076,6489.572824518431,4187.560286725187,179.18270478032812,20368.001257440304
t88,49402.49478610955,0.3802203838483619,-0.09339381455379273,16843.690504975293,0.0,-77304.71155300926,0.17589442514075787,0.1392035167281757,0.0267774450724959,12295.388753375419,3317.276970377822,7230.870188988611,6489.574495536547,4187.5602180842925,179.18314828568185,22641.956214680195
t89,49019.40183568686,0.380218190859709,-0.09163176853105393,16843.684877241216,0.0,-77304.68729052412,0.17999027670825582,0.1401310096743056,0.026931248837633415,12295.384533038947,3317.2735222205015,7230.871801599524,6489.5770710791285,4187.559987225316,179.1831532852658,22258.885129810187
t90,70017.65701373751,0.3803262890569983,-0.07853752635881606,16843.77043359925,0.0,-77305.27127505642,0.18418847860864762,0.11289968967560485,0.02022299460330082,12295.389469303054,3317.3041974285647,7230.837705400216,6489.519047774049,4187.571301599736,179.1850285778463,43256.58202228938
t91,78120.87460978211,0.38032277180203666,-0.07678530407812474,16843.771394130916,0.0,-77305.28824650691,0.18720503883782302,0.11338320383770707,0.020266568170406996,12295.386978569648,3317.308396104425,7230.835426877917,6489.51313058777,4187.573409142148,179.18539674489332,51359.784887711496
t92,76900.03972793503,0.38032551953880717,-0.07675203171351967,16843.771455089955,0.0,-77305.28831305957,0.1871120672693694,0.11339133497795587,0.0202653745543956,12295.387083699427,3317.3061541873763,7230.835822143236,6489.514041337725,4187.573431636828,179.18540325982926,50138.949148494445
t93,76900.14600783281,0.380329305535167,-0.07688607127895204,16843.77250036122,0.0,-77305.29144521886,0.18599393053905036,0.11290690291008913,0.02020636530857971,12295.388260447167,3317.3020078821955,7230.836710377807,6489.515886955287,4187.573427821013,179.1854042013487,50139.051311093
t94,76900.24207639074,0.3803311612128258,-0.07697497315782408,16843.771702901566,0.0,-77305.28881474961,0.1867768086327119,0.11319354951658414,0.02024374451357499,12295.387436687608,3317.3031058532742,7230.836472959912,6489.515348660581,4187.573443461442,179.1853962702704,50139.14973872651
t95,76900.22372242429,0.3803149851027591,-0.07615684873791943,16843.776084723362,0.0,-77305.30199315469,0.18207432264013718,0.11162306693230611,0.020076953708745342,12295.392310513706,3317.2917256294427,7230.838836575802,6489.520492352501,4187.573356959752,179.18538413720964,50139.117852641015
t96,76900.12236497921,0.3803152035505119,-0.07616170865179976,16843.77942743224,0.0,-77305.31292001842,0.1786587311241557,0.11072940038871552,0.0199977106016715,12295.39582412687,3317.2839562513764,7230.840633932744,6489.523936135704,4187.573367475205,179.18538087784046,50139.00551052978
t97,76900.03410068416,0.3803187815507655,-0.07625839473443427,16843.77932513185,0.0,-77305.312830273,0.17879384393190184,0.11092778323028851,0.020034716346929826,12295.395658553389,3317.285119838569,7230.840386342188,6489.523357826802,4187.573381614487,179.18536840490574,50138.917684853666
t98,76899.80541986166,0.38032140493400757,-0.07625406351870889,16843.78032758261,0.0,-77305.3163350201,0.17782482495936364,0.11072307524568265,0.020019673337277787,12295.396654478964,3317.2845958136877,7230.8405113805775,6489.523491288288,4187.573390251436,179.1853617143543,50138.68605226644
t99,76899.41271208724,0.38032254444074404,-0.07623258429788657,16843.782582496882,0.0,-77305.32380400614,0.17556274731497723,0.1100886681939609,0.0199526946691906,12295.398993827854,3317.2827151559495,7230.840858223048,6489.524118497211,4187.5733936265915,179.1853608265201,50138.28662480548
t100,76898.86002679668,0.3803231034384264,-0.076367036858594,16843.783766139448,0.0,-77305.32777206207,0.17436476849343793,0.10976148661749312,0.019924838178829264,12295.400203518218,3317.2867213316736,7230.839788390127,6489.522171087933,4187.573404779103,179.18535754055574,50137.73167468154
t101,68885.44851151817,0.3803239025800836,-0.07666476278408696,16843.787645747514,0.0,-77305.34056701997,0.17045908562275927,0.10872890056110736,0.01981279673024021,12295.404234008447,3317.2899708503965,7230.838361749803,6489.519818020593,4187.573414481172,179.1853901595141,42124.30943943835
t102,26279.879726193292,0.38035521270657635,-0.08571903960944106,16843.833657704923,0.0,-77305.44661142872,0.1085282516174218,0.1055514467186143,0.019606015857063584,12295.463241576723,3317.2880151469535,7230.842815965736,6489.533367732127,4187.569818818689,179.1833984968783,-481.32424790611515
t103,6215.379820628759,0.38034839323933395,-0.09173758236442775,16843.829237895716,0.0,-77305.41213760385,0.10711170511023155,0.10676991751706451,0.0198719690192869,12295.463682180198,3317.290124103565,7230.84533715023,6489.539307219948,4187.567740256019,179.1828497556229,-20545.791674011274
t104,4161.5780717133575,0.3803480377999143,-0.09217917380921686,16843.829493935944,0.0,-77305.41374643976,0.1070627794490601,0.10661343578004989,0.019858304337752212,12295.463745107088,3317.293337697868,7230.843627098226,6489.536964115448,4187.567775820783,179.1828372328019,-22599.59619033469
t105,4161.0961709783915,0.3803460527716749,-0.09231246749533416,16843.829992976403,0.0,-77305.41589627285,0.10672683141241335,0.10626610474023186,0.019815441576204247,12295.464129119664,3317.294165163937,7230.842770546476,6489.5360324774165,4187.567801299649,179.1828351352076,-22600.081156612694
t106,4160.836627249259,0.3803421470689657,-0.09241664099324091,16843.829282102382,0.0,-77305.4135535458,0.10740094956061902,0.10680568148083154,0.01987492620969032,12295.463376930786,3317.299533362772,7230.84112393072,6489.533399894629,4187.56781634223,179.1828276897225,-22600.337558979973
t107,4160.661093440656,0.3803421425764287,-0.09344632388542583,16843.828778068033,0.0,-77305.40998886453,0.10745660100232478,0.10672290491940235,0.019840932904167847,12295.463299781446,3317.302543447595,7230.839441670593,6489.531712031969,4187.567840279155,179.18279106166517,-22600.511572825908
t108,4160.224675443727,0.38036308235980976,-0.09959425261959673,16843.815162744853,0.0,-77305.30403642441,0.10639060261169883,0.10712441518719998,0.01985544450366442,12295.463896610174,3317.3067831080407,7230.8391002942335,6489.532917467006,4187.5656275362835,179.1824184963091,-22600.85931543173
t109,4160.5785213398485,0.3803563528916673,-0.09349821967889939,16843.831291835133,0.0,-77305.42644363482,0.10703993097116814,0.10697617583004783,0.019849954400423316,12295.463790155918,3317.308110184395,7230.838696766463,6489.529146942322,4187.5683562137065,179.18287708556431,-22600.60492891706
t110,4160.483136943628,0.3803526584273044,-0.09313646266002118,16843.82987059651,0.0,-77305.4157923321,0.10689680486987703,0.10711061139026175,0.019860040888667607,12295.463859479261,3317.3074136213304,7230.839489607224,6489.53047308981,4187.567835298618,179.18283037920028,-22600.689799663603
t111,4160.39770682298,0.380350408702875,-0.094334894952082,16843.81587347828,0.0,-77305.31423140314,0.10751987025331873,0.10728427590618922,0.01984991759718371,12295.46293928541,3317.3060957932257,7230.840142649954,6489.533499027132,4187.5657473914835,179.18261533750766,-22600.68894203966
t112,4161.076078913015,0.38034547877620406,-0.08824235797592628,16843.8291560254,0.0,-77305.41743231796,0.10874322436824563,0.10732205872187908,0.019854557685375394,12295.462223622664,3317.3072804833446,7230.839621057767,6489.529718474256,4187.568328964938,179.1830518652273,-22600.09394994978
t113,6822.345618830664,0.3803508245208304,-0.08315239496995154,16843.824214093824,0.0,-77305.41507276533,0.11842034482807304,0.10545173380855882,0.019501191318577818,12295.453709099069,3317.31372571344,7230.832424139813,6489.517833232606,4187.56932356523,179.18373355681692,-19938.833918834367
t114,30743.648072043332,0.3803487661419843,-0.08290552695573385,16843.82436027331,0.0,-77305.41718389787,0.11881317573693263,0.1052366287524432,0.019455704985304963,12295.45348369954,3317.308181691086,7230.833758826016,6489.520022789611,4187.569518295812,179.18382079526376,3982.464983264758
t115,48010.724885860225,0.38034812271274654,-0.08028267736141768,16843.828656835067,0.0,-77305.45252597229,0.12054615848263552,0.10570857186769135,0.019457321942481464,12295.45252218049,3317.3152420975807,7230.829519811917,6489.510249242628,4187.57216821668,179.18431255184788,21249.5108083218
t116,44952.586409565345,0.3803501697739459,-0.08022591689776802,16843.828598538246,0.0,-77305.45195704393,0.12050441576620434,0.10579289680008416,0.01946371573279191,12295.45256213758,3317.3146131207604,7230.82966536944,6489.510527899603,4187.572166719324,179.1843175485214,18191.37278913607
t117,44952.63173033595,0.3803534261030339,-0.08035337974620584,16843.82902577111,0.0,-77305.45342986427,0.12012074109625845,0.10539686429547021,0.019416452756962986,12295.452998118537,3317.3114517082818,7230.830300253361,6489.511774748431,4187.572173681826,179.18431814917983,18191.415277006905
t118,44952.791521929284,0.380354952247491,-0.08040745468380095,16843.82854378004,0.0,-77305.45178397254,0.1205428205295461,0.10583616308135516,0.019472357036089467,12295.452514114986,3317.313079933102,7230.82996769717,6489.511093598527,4187.572195270591,179.18430977222687,18191.5772409616
t119,44952.76782909678,0.380338542761834,-0.07967872443150832,16843.830498514242,0.0,-77305.45772080438,0.11857131738924087,0.1043184987617861,0.01930669408496367,12295.454668714816,3317.3041555722393,7230.831716276922,6489.514908253706,4187.572115776975,179.18429672549004,18191.545324455354
t120,44952.631253424406,0.3803385552735523,-0.07980841079320763,16843.832664704758,0.0,-77305.46538358807,0.1165765459618827,0.10320847189630468,0.019195971163939805,12295.456803123512,3317.2961547326386,7230.833437592581,6489.518216060668,4187.572137327916,179.18429536710113,18191.399089879007
t121,44952.46872368547,0.38034145172835876,-0.07990023819518148,16843.832248101593,0.0,-77305.46421449287,0.11700079565796082,0.10358900180831132,0.01925366431253473,12295.456317484375,3317.2978790158913,7230.832864280822,6489.517256271281,4187.572151533902,179.1842849520471,18191.23779550783
t122,44952.2316559628,0.3803426613939265,-0.07994137307602207,16843.83301463613,0.0,-77305.46717706272,0.11635593198432365,0.10325543285615987,0.019219804567432757,12295.457006572195,3317.2963155053203,7230.83308289306,6489.517776219799,4187.572166282193,179.18428079644622,18190.997354262956
t123,44951.81706272002,0.3803412068942337,-0.07995048083996553,16843.834074185263,0.0,-77305.47118361869,0.11545948886417995,0.10270370901524309,0.01915720372566459,12295.457977711216,3317.294628297076,7230.833228809575,6489.518271283961,4187.572179621664,179.1842794335973,18190.57822957135
t124,44951.242159703615,0.38033797645323414,-0.0799559379968944,16843.833698470073,0.0,-77305.47056449385,0.11596119446474834,0.102993551980414,0.019200842804943163,12295.457420864715,3317.2986080004507,7230.831737427225,6489.515986611703,4187.572199302606,179.18426525866914,18190.00404877291
t125,33320.558052743436,0.38033531600850884,-0.08080447294542324,16843.833737465942,0.0,-77305.4716214801,0.1161286225740843,0.10302924485027572,0.019225597874714354,12295.45720678106,3317.3024537682995,7230.8299662852605,6489.513521094584,4187.5722258949145,179.1842580293904,6559.317714891156
t126,2.8947923080281757,0.37980469346544504,-0.11781938812507355,16843.82955841236,0.0,-77305.302410173,0.07109763297459701,0.1320296588949688,0.025066473287428937,12295.49164409647,3317.2173320509555,7230.890246688846,6489.6275693694115,4187.563446301384,179.18002855921586,-26758.117613315826
t127,2.5358475113532375,0.3798038687087544,-0.12455542149071906,16843.82784765389,0.0,-77305.29001173135,0.07131443057379692,0.1325177973815002,0.025135489440317713,12295.491320370138,3317.223950754332,7230.887318812969,6489.6238187864565,4187.563670835248,179.17999590782867,-26758.47202493452
t128,2.35583123169276,0.3797987103155922,-0.12526174120808733,16843.82796806469,0.0,-77305.29193516189,0.07151270946281771,0.1326878639848075,0.025170818527992106,12295.491070788528,3317.226467381346,7230.8862707665985,6489.6224818470455,4187.563708146209,179.17999326120872,-26758.65423531348
t129,2.247288708726829,0.37979351895351376,-0.1253394800914754,16843.82793913614,0.0,-77305.29234058716,0.07163438206387676,0.13279648086241888,0.02519023306957139,12295.490909679398,3317.2283332647417,7230.8853692997,6489.6214066495395,4187.563737673831,179.17998879400557,-26758.76329224622
t130,2.1989682880734653,0.3797882554132988,-0.12452573148823681,16843.82684031321,0.0,-77305.28826683904,0.07242407575551513,0.1343628390310842,0.025402688853155938,12295.489870764583,3317.2379598802872,7230.882842689953,6489.617548326681,4187.563738298649,179.17996752422968,-26758.80307862581
t131,2.1760900945170167,0.3797858041122907,-0.1234585661192489,16843.826297714288,0.0,-77305.28611356624,0.07279451800479494,0.13518660236908206,0.025499036966401194,12295.489392752517,3317.2442070145526,7230.881346974945,6489.6152287683035,4187.563733379279,179.17997097046592,-26758.820038502032
t132,2.1826202127123695,0.3797884091304384,-0.12169523481817332,16843.82586996066,0.0,-77305.2874836465,0.07374930634555854,0.13622203960960047,0.025601332287507654,12295.488311480807,3317.2526283209854,7230.879681806355,6489.612291615202,4187.563838437252,179.18001285633022,-26758.80856310364
t133,2.224086501555153,0.3797851600854833,-0.12130333404929108,16843.825635160814,0.0,-77305.28577512661,0.07376499958355028,0.13632984258798267,0.025594639604832936,12295.488294709628,3317.254644401641,7230.879310042732,6489.611667521942,4187.563821553755,179.18000949373499,-26758.764134432993
t134,2.2908566840395563,0.37978168994874684,-0.1210335310267437,16843.82560127256,0.0,-77305.28529569793,0.0737202422346334,0.1364100292412206,0.02559615342998412,12295.488349208988,3317.254473098851,7230.879667862569,6489.612078244255,4187.563806517967,179.1800236449043,-26758.695964579976
t135,2.397804010323405,0.3797802767492138,-0.1208614440397358,16843.82552917213,0.0,-77305.28481667621,0.07370184860990595,0.13671343836111158,0.025627424984168853,12295.488334353135,3317.2531305312714,7230.880587509663,6489.613196106432,4187.563783992718,179.18004430651388,-26758.587445149355
t136,2.5939745647227648,0.37978262021816594,-0.12004964397290188,16843.825220367544,0.0,-77305.28300295094,0.07376404072529147,0.13741108204707772,0.025693479031739064,12295.488213884362,3317.2531322544664,7230.8813451236565,6489.613876690401,4187.563746805879,179.1800381013632,-26758.38685358049
t137,2.970349093842128,0.37978643243344823,-0.11784480444333979,16843.824977181997,0.0,-77305.28095854403,0.07365015394851053,0.13809345907663717,0.025751968877949383,12295.488265482172,3317.250679615011,7230.882971246995,6489.615884750694,4187.5637065771125,179.1800660468569,-26758.00462133945
t138,30078.144610572945,0.3800370250505023,-0.09821640970493559,16843.827885620398,0.0,-77305.33709181652,0.0913723070361122,0.11005405805553298,0.02059634636425523,12295.479204438987,3317.2937918112025,7230.838602895853,6489.541803974022,4187.5675194496835,179.18294388583018,3317.0431141592017
t139,55062.88962266488,0.3800218291465623,-0.08482393351867273,16843.85367413504,0.0,-77305.53898911162,0.0939273171072455,0.1107897074094625,0.020687423690018122,12295.477680437376,3317.285616264389,7230.84255683182,6489.540187476427,4187.572059829324,179.18380883208988,28301.62681970356
t140,57133.551735928166,0.3800280521817889,-0.08449752472793742,16843.853105970247,0.0,-77305.53610677973,0.09415191485376802,0.1114676430965512,0.02077110217298333,12295.477362386067,3317.283044004382,7230.843704432885,6489.541938203497,4187.57203895671,179.18380844229407,30372.29255273209
t141,57133.815632386926,0.3800327491118821,-0.08455692535357023,16843.853392880468,0.0,-77305.53689026696,0.09385303249607581,0.11102151446185747,0.02071962191215132,12295.477717008476,3317.276431044534,7230.8454111973615,6489.544766533735,4187.572042089463,179.1838088262221,30372.553381692866
t142,57134.10883577713,0.38001808879922494,-0.08380218387706459,16843.853759279,0.0,-77305.5369988951,0.09327182446910329,0.11037133666406523,0.020651754186885606,12295.478362713931,3317.2705092930996,7230.846571997152,6489.547062256452,4187.571952574767,179.18379160314183,30372.84435741982
t143,57134.24141944656,0.38001807048270425,-0.08385644736577243,16843.854183901632,0.0,-77305.5385771229,0.0929268003932271,0.10975240959101251,0.020597816149551477,12295.478769823607,3317.266124693583,7230.847640940488,6489.548850681153,4187.571955379145,179.18378543884597,30372.973591831367
t144,57134.24049885613,0.38002122501694346,-0.08386207733371254,16843.854464374115,0.0,-77305.53953232401,0.09268293116770718,0.10932657255724422,0.020559231024155727,12295.47905899325,3317.2637545047037,7230.848232793521,6489.549775630773,4187.5719463294445,179.1837877142661,30372.97071475463
t145,57134.30392861014,0.38002324869046067,-0.08392520955939682,16843.85436171377,0.0,-77305.53932392648,0.09278707126809287,0.1095764302026317,0.020590626034685228,12295.47892295951,3317.2645689532737,7230.848100265593,6489.5494974397125,4187.571958941234,179.1837808976669,30373.034848021052
t146,57134.22487767387,0.3800238201243459,-0.08394124823013674,16843.854589175884,0.0,-77305.54021351847,0.09261762715071678,0.10934387555952128,0.020562195093526543,12295.479127188,3317.264406441553,7230.848126838599,6489.549521061404,4187.571959670809,179.1837808410238,30372.954781642362
t147,57134.0039422346,0.38002380667729196,-0.08395340358496943,16843.85507752579,0.0,-77305.54202105328,0.092238676480063,0.10877838926477326,0.02049203125506369,12295.479587802427,3317.263948337154,7230.848138393663,6489.549566285419,4187.571955215541,179.18378478866842,30372.73155903009
t148,57133.78623441562,0.3800239075934987,-0.08413136472928048,16843.85546767091,0.0,-77305.54375360961,0.09198564725006067,0.1085587656668831,0.02046013180257654,12295.4798849252,3317.265345610463,7230.847586387472,6489.548740777625,4187.571971943711,179.18377640319707,30372.51215161216
t149,57133.01953460593,0.3800248311953511,-0.0844022246566541,16843.85627877719,0.0,-77305.54708885783,0.09137547441840124,0.108316900130705,0.020426228205852506,12295.480566615664,3317.26864777394,7230.846237258176,6489.5467222232855,4187.571988695945,179.18379834077885,30371.742426642377
t150,46969.54873104814,0.38004228019832076,-0.09041021745960527,16843.86043501779,0.0,-77305.54725801173,0.08302780525003112,0.10541548230551104,0.020047993233575062,12295.488214934645,3317.2720972924667,7230.84275581787,6489.544944318575,4187.570879532689,179.1829620210634,20208.26188531503
t151,31289.613192170164,0.38003896767675344,-0.09942061983980781,16843.861811812585,0.0,-77305.54549185558,0.07957481760064099,0.1048793460043606,0.020012584645837963,12295.49113297695,3317.2774991752594,7230.83987792314,6489.542970746157,4187.570588007047,179.18239821835257,4528.3190642701675
t152,31288.86791115616,0.380039395505263,-0.10077056884577121,16843.86182571366,0.0,-77305.54623447638,0.07974749897908873,0.1047370801142274,0.020004546820694767,12295.490965514215,3317.279472230167,7230.839190996486,6489.542043223242,4187.570612492007,179.18239400586705,4527.571938807996
t153,31288.099606709664,0.3800398144444146,-0.10183457853969367,16843.862186736755,0.0,-77305.54805809032,0.07957157203780142,0.10386180224714467,0.019901777013241567,12295.491150178974,3317.279569042075,7230.83866692564,6489.541713114607,4187.570677461351,179.1823518074628,4526.7994042734035
t154,20501.617469694207,0.380028457449574,-0.11880000762398814,16843.837264433114,0.0,-77305.33870133801,0.0725121821622564,0.10631949067151852,0.020400301605057486,12295.496070966989,3317.2725529062286,7230.848662022993,6489.562294442684,4187.565619094067,179.1809599689257,-6259.497347384539
t155,20501.650653848064,0.38002525378722,-0.11713783190055031,16843.83769917904,0.0,-77305.33861463152,0.07148696342771489,0.10702146367418265,0.020490739117727527,12295.49694036342,3317.272583269097,7230.849845265773,6489.563764438652,4187.5655181580805,179.1809171203729,-6259.45880640092
t156,31288.392725607235,0.38003761342310055,-0.0914230742659872,16843.859020599477,0.0,-77305.54245343851,0.08419405194154309,0.10572237981154572,0.020122707961480114,12295.48672385418,3317.2873043320833,7230.839112910532,6489.53978089592,4187.570643755958,179.18282155821385,4527.114333753965
t157,31288.909916643806,0.3800537926151062,-0.0902180049413145,16843.856449532486,0.0,-77305.53241943693,0.08604919090630259,0.1092585861630958,0.020536589797235202,12295.484465657872,3317.301839846757,7230.835920566172,6489.534514129036,4187.570690686651,179.18286555795524,4527.649923338341
t158,31289.37376587137,0.38005166835593285,-0.09003629646377853,16843.85626159698,0.0,-77305.53136940305,0.08607671878343831,0.1096964770183684,0.020582380923315876,12295.484383488078,3317.3002809269856,7230.836914050438,6489.5358895643985,4187.570666974593,179.18287496846065,4528.11603898687
t159,31289.904426594585,0.38004751452729824,-0.0897278190580752,16843.856377144108,0.0,-77305.53155586353,0.08591767030826211,0.10967615510053177,0.02056833991939607,12295.484558926484,3317.2954939539727,7230.838724389463,6489.538546539375,4187.570644417465,179.182884432746,4528.646582395468
t160,31292.2749403004,0.3800349382961528,-0.08669608847316677,16843.852551773194,0.0,-77305.52184699215,0.09077509885564455,0.11205372923683951,0.020866848098987322,12295.479899273932,3317.2929747420267,7230.842250199191,6489.542068630368,4187.570633818905,179.18330090952097,4531.033807181398
t161,35340.7986893417,0.38002494458361136,-0.08479756787622957,16843.847441108242,0.0,-77305.5073360864,0.09672815592461778,0.11419344188828989,0.021152004026886696,12295.474035821828,3317.2841575756725,7230.846890688068,6489.548080842489,4187.570606963226,179.1835710711724,8579.57343830454
t162,63792.52684285764,0.38001754662890175,-0.08243149467013446,16843.84932314206,0.0,-77305.52889605213,0.09927839787825922,0.1144886700706083,0.02116513933444724,12295.47217740245,3317.280403805307,7230.846763272482,6489.545505181104,4187.572585784592,179.18404222787373,37031.28126588063
t163,61896.09793883003,0.38001728774076576,-0.08233899984498515,16843.848137694804,0.0,-77305.52379178526,0.10005440719631062,0.11589049930616442,0.021328216090565434,12295.471238830682,3317.2845963429136,7230.846009446097,6489.544333753087,4187.572570111141,179.18405113917703,35134.86003577315
t164,61896.50663305774,0.3800190207925403,-0.08233627158114414,16843.847366284615,0.0,-77305.52071019493,0.10059774517163418,0.1167534164781155,0.02141971789020972,12295.470600425166,3317.287410662043,7230.84502372685,6489.542570523216,4187.572936078964,179.1840171660672,35135.27230135847
t165,61896.38740377636,0.38001928202116103,-0.08206520285265076,16843.84714731351,0.0,-77305.52050510394,0.10094152710844713,0.11685544938865863,0.021453296598101756,12295.47022000895,3317.2856527000604,7230.84628804632,6489.543923987736,4187.5725862087465,179.1840299365807,35135.15395122658
t166,61896.4791821893,0.38001015102871527,-0.0812900564828048,16843.84595837906,0.0,-77305.51548410874,0.10173115339910985,0.11807414214951416,0.02161414162422796,12295.469234779313,3317.291198392447,7230.845368516713,6489.541658133435,4187.572506405614,179.18398031039004,35135.253742529254
t167,61896.45396835811,0.3800405012024286,-0.08126694038148939,16843.8433777541,0.0,-77305.5061316654,0.10374398177825825,0.12119643717375804,0.02208278729566446,12295.466735810649,3317.3064279952655,7230.843108220766,6489.5359105846,4187.572500078746,179.1839217689177,35135.24561567281
t168,61896.30794540784,0.3800903841069576,-0.08164501493918296,16843.84173715643,0.0,-77305.50081696596,0.10498270856380969,0.12399332650804434,0.022588621093955843,12295.464986205956,3317.310701864004,7230.840348085413,6489.532676418903,4187.57249078615,179.18381857992085,35135.10389756399
